:020000040800F2
:10000000705200209D010008A5710008A16D000834
:10001000A17100084D190008EF9E000800000000C3
:10002000000000000000000000000000E98500085A
:100030000321000800000000997A0008EB85000801
:10004000B7010008B7010008B7010008B7010008B0
:10005000B7010008B7010008B7010008B7010008A0
:10006000B7010008B7010008B7010008B701000890
:10007000B7010008B7010008B7010008B701000880
:10008000751F0008851F0008B7010008B7010008A8
:10009000B7010008B7010008B7010008B701000860
:1000A000B7010008B7010008B7010008B701000850
:1000B000B7010008B7010008B7010008B701000840
:1000C000B7010008B7010008B7010008A9820008BD
:1000D000B70100083D9D0008BD9D0008B70100085C
:1000E000B7010008B7010008B7010008B701000810
:1000F000B7010008B7010008B7010008B701000800
:10010000B7010008B7010008B7010008B7010008EF
:10011000B7010008B70100083D8F0008B7010008CB
:10012000951F0008A91F0008B91F0008C91F000873
:10013000B70100080000000000000000B70100083F
:10014000B7010008B7010008B7010008B7010008AF
:10015000D91F0008B7010008E91F00083D9E0008EC
:10016000B7010008B7010008B7010008B70100088F
:10017000B7010008B70100080000000000000000FF
:10018000B7010008B7010008DFF80CD000F052FDFD
:1001900000480047D54501087052002006488047B6
:1001A00006480047FEE7FEE7FEE7FEE7FEE7FEE75C
:1001B000FEE7FEE7FEE7FEE7AD86000889010008DE
:1001C0002DE9F05F0546002092469B46884606468C
:1001D000814640241BE0284641464746224600F01F
:1001E000F4FA53465A46C01A914110D311461846A4
:1001F000224600F0DBFA2D1A67EB01084F46224633
:100200000120002100F0D2FA17EB00094E41201E18
:10021000A4F10104DFDC484631462A464346BDE8E6
:10022000F09F40EA01039B0703D009E008C9121FB1
:1002300008C0042AFAD203E011F8013B00F8013BA0
:10024000521EF9D27047D2B201E000F8012B491ECC
:10025000FBD270470022F6E710B513460A46044663
:100260001946FFF7F0FF204610BD30B505462A4677
:100270000B4612F8010B13F8014B08B1A042F8D05D
:100280001CB1002802D06D1CF1E7284630BDCAB26F
:10029000401E10F8011F8A4202D00029F9D1002027
:1002A0007047421C10F8011B0029FBD1801A7047CF
:1002B000034611F8012B00F8012B002AF9D118464A
:1002C00070472DE9F04791460F46804604460026C8
:1002D00014F8015B2DB100F09BFA0068405DC00787
:1002E000F6D12B2D02D02D2D18D0641E4A4639464A
:1002F000204600F09AFA27B13968A14201D1C7F827
:10030000008071054FF002040BD54042002803DD48
:1003100009F036FE0460A007BDE8F08746F4806669
:10032000E4E70028F8DA09F02BFE04606FF00040E3
:10033000F2E72DE9FE4F804681EA0300C00F0C462C
:10034000009021F0004123F00045B8EB0200A941E4
:1003500005D24046214690461C460B46024623F0F5
:100360000040104347D0270DC7F30A00C3F30A51DA
:100370000290401A019040286BDAC3F3130040F456
:10038000801B0098924620B10023D2EB030A63EB56
:100390000B0B01985946C0F14002504600F006FA96
:1003A00006460D4650465946019A00F01EFA10EBDB
:1003B00008006141002487EA115284EAE7731A4376
:1003C00040D0009A62B3019A012A4FEA075215DC25
:1003D000001B61EB02014FF0004202EA0752CDE937
:1003E0000042001C41F5801132462B4600F029FBEB
:1003F00003B0BDE8F08F40462146F9E7001B61EBF2
:100400000201001C41F5801300185B412018A2F581
:10041000001747EB030140EAD570B6196D4111E0B2
:100420006D084FEA360645EAC0754FEA0752001BD1
:1004300061EB0201001C41F5801149084FEA3000D0
:100440000019514132462B4603B0BDE8F04F00F091
:10045000E9BA0098012240000023D0EB020263EBCE
:10046000E073009821464FEAE074B8EB000061EBBE
:100470000401E9E783F000435BE781F0004158E7BE
:100480002DE9FE4F81EA030404F0004421F000410D
:1004900000944FF0000B23F0004350EA01045ED0BB
:1004A00052EA03045BD0C3F30A54C1F30A552C4447
:1004B000A4F2F3340194A0FB0254C1F3130141F4FC
:1004C0008011C3F3130343F4801301FB024400FBC8
:1004D000034E840A970A44EA815447EA8357A4FBEF
:1004E000076802958D0A05FB07854FEA932C04FBEC
:1004F0000C542705029D4FEA065847EA1637B5EB1C
:1005000008056EEB070C870E920E47EA811742EA48
:100510008312A7FB0201B6EB0B0164EB00042B0D69
:1005200043EA0C335E1844EB1C50DA465146E7FBB5
:100530000201C5F313044FEA0B3343EA14534FEAA5
:100540000432019C43EA0603A4F10C040294009CCB
:10055000CDE900B400F075FA03B0BDE8F08F0020DB
:100560000146F9E72DE9F04D81EA030404F0004B60
:1005700021F0004514464FF0000A23F0004150EAF4
:10058000050220D054EA01021DD0C5F30A570246E5
:10059000C5F31303C1F31300C1F30A5640F48015E9
:1005A00043F48013A7EB0608101BD64608F2FD386B
:1005B00073EB050002D308F1010801E092185B41DA
:1005C000B8F1000F03DA00200146BDE8F08D0020ED
:1005D0004FF48011064684460EE0171B73EB0507A7
:1005E00005D3121B63EB050306434CEA010C4908D3
:1005F0004FEA300092185B4150EA0107EDD152EA10
:10060000030012D082EA040083EA0501084305D002
:10061000101BAB4106D20122002306E000224FF05E
:10062000004302E06FF0010253101AEB06004CEB9E
:10063000085110EB0A0041EB0B01BDE8F04D00F052
:10064000F1B90EB5C10F80EAE0700844CA07002175
:1006500040F233438DE80E000A460B4600F0F1F9F4
:1006600003B000BD0EB540F2334102910021CDE947
:1006700000110A460B4600F0E4F903B000BD70B566
:10068000C1F30A5201F000450024C1F3130140F206
:10069000FF3341F480119A4201DA002070BD40F22C
:1006A00033439A42A2F2334203DC524200F08DF807
:1006B00000E090402C43F1D0404270BDC1F30A529B
:1006C00010B5C1F3130140F2FF3341F480119A4297
:1006D00001DA002010BD40F233439A42A2F23342C5
:1006E00003DC524200F071F810BD904010BD00F0E4
:1006F000004230F000400AD0C10D01F56071C0F336
:10070000160042EA0151C208400711437047002019
:100710000146704730B5041E71F1000404DB4FF050
:100720000044404264EB0101141E73F1000405DB38
:100730001C464FF00043524263EB04038B4208BF58
:10074000824230BD30B5041E71F1000404DB4FF06D
:100750000044404264EB0101141E73F1000405DB08
:100760001C464FF00043524263EB0403994208BF1A
:10077000904230BD01F0004330B421F0004150EA16
:10078000010206D00A0DA2F56072C1F31301002A1E
:1007900002DC30BC00207047440F44EAC104C100B1
:1007A000E01830BC00EBC25000F0DCB8202A04DBBB
:1007B000203A00FA02F1002070479140C2F1200374
:1007C00020FA03F3194390407047202A04DB203AB3
:1007D00021FA02F00021704721FA02F3D040C2F161
:1007E00020029140084319467047202A06DBCB17A8
:1007F000203A41FA02F043EAE07306E041FA02F3DC
:10080000D040C2F1200291400843194670470000D1
:10081000004870473C5F010810B50446FFF7F8FF39
:100820000068005D00F0010010BD2DE9F05F824618
:100830000078002715468B460AF10104B946302896
:1008400001D09DB113E014F8010B0127782803D0E3
:10085000582801D045B10AE00DB1102D07D100276D
:10086000102514F8010B02E0082500E00A250026F7
:10087000B0460EE005FB080005FB06F1012701EB81
:1008800010461FFA80F8B6F5803F00D3B94614F839
:10089000010B294600F0E0F90028EBDABBF1000F6C
:1008A00005D00FB1641E00E05446CBF80040B9F10A
:1008B000000F06D009F064FB02210160C81EBDE8EC
:1008C000F09F48EA0640FAE70FB4002300B589B06C
:1008D0000CA900910B996FF00042CB601E4B069360
:1008E0001E4B07930423CDE901321D4A08920246AC
:1008F0006B46002000F03EFA09B05DF814FB70B5BD
:1009000086B006464FF0FF300091CDE9010100208E
:1009100015460C4604903246694604A8FFF7D4FFFA
:1009200002460498211825B108B1084600E0204687
:100930002860049800280DD0002A02DD0098884223
:1009400008D0081B0094CDE901043246694604A88A
:10095000FFF7BAFF06B070BDAD0F0008CB0F00085F
:10096000190800080029A8BF7047401C490008BFAB
:1009700020F00100704710B4B0FA80FC00FA0CF0CF
:1009800050EA010404BF10BC704749B1CCF1200407
:1009900021FA04F411FA0CF118BF01212143084394
:1009A000A3EB0C01CB1D4FEA00614FEA102042BFC0
:1009B000002010BC704700EBC35010440029A4BFB6
:1009C00010BC7047401C490008BF20F0010010BC5B
:1009D0007047F0B400F0004221F0004120F00040E8
:1009E000CE0DC30DC1F3160141F40001C0F3160092
:1009F0004C42154640F40000761E09E010EB44001E
:100A000002D582F0004240428842F7D840005B1E87
:100A1000B342F9DA18B1F0BC0021FFF7ACBF2846A9
:100A2000F0BC704710B5141E73F1000408DA401CC6
:100A300041F1000192185B411A4301D120F00100FD
:100A400010BD2DE9F04D92469B4611B1B1FA81F2ED
:100A500002E0B0FA80F220329046FFF7A7FE04468B
:100A60000F4640EA0A0041EA0B0153465A46084342
:100A700013D0114653EA010019D0C8F14002504684
:100A8000FFF7A3FE05460E46504659464246FFF77D
:100A90008DFE084305D0012004E020463946BDE81C
:100AA000F08D0020054346EAE0762C4337430A9850
:100AB0006305E40AA0EB08000022FD0A44EA47545B
:100AC0000A3002D500200146E9E701051019694105
:100AD000DDE9084500196941BDE8F04DA2E770B5B0
:100AE00021F0004303430CD0C1F30A550024D5EB99
:100AF000040564EB0403D617AD1AB34102DB0020F2
:100B0000014670BD201841EB025170BD2DE9F04D3A
:100B100000231A461B1A8A4103DB00200146BDE868
:100B2000F08DC1F30A52C1F3130141F480154FF067
:100B3000000BD10702D100186D41521E0027044658
:100B400040F2FF11384601EB620A3E4680460246FB
:100B500000204FF48011FFF738FEC2197141BB1815
:100B600046EB0100B4EB030C75EB000C04D3E41A64
:100B700065EB000517460E46241908F101006D418A
:100B800080463428E3DDF91946EB0600091BA8412D
:100B900003D24FF0FF32134601E0002213461BEB55
:100BA000070046EB0A51BDE8F04DFFF73BBF2DE9CA
:100BB000FE4FC3F30A5701F000450024C1F30A5663
:100BC000C3F31303C1F3130143F4801312EB020ABE
:100BD000A64641F48011009543EB030CA7F1010BED
:100BE00016E0B0EB0A0061EB0C01071E71F1000783
:100BF00007DA4FF00008D0EB080085F0004568EBFD
:100C00000101171A73EB0107EBD3761E0018494157
:100C10005E45F6DA50EA010209D0CDE900E500228E
:100C200013460296FFF70DFF03B0BDE8F08F204694
:100C30000099F9E7064C074D06E0E06840F0010333
:100C400094E8070098471034AC42F6D3FFF7A0FAB7
:100C5000405F0108605F01083A2800D2303820F078
:100C60002002412A01D3A2F13700884201D34FF07C
:100C7000FF3070472DE9FF4F087881B09946FF2873
:100C800005D0491C2D2804D00024002308E00023AF
:100C90000BE00124F9E703EB830300EB4303491C5A
:100CA0000878FF28F7D104B15B4200200090147847
:100CB00001462D2C01D02B2C04D1521C2D2C12D0EE
:100CC0000024009400251678FF2E0ED00A24A0FBE5
:100CD00004C801FB0481002700FB0711521C16EB1E
:100CE0000C006941EFE70124EBE7994450EA010267
:100CF0000ED00024AA4D2646DFF8A88200F076F92F
:100D000082468B46B9F1000009DAC9F100071BE001
:100D100001980021C0E9001105B0BDE8F08F074639
:100D200012E0F80707D022462B4630464146FFF72F
:100D3000A7FB0646884622462B4610461946FFF773
:100D40009FFB04460D467F10002FEAD1B9F1000F3A
:100D5000324643465046594602DAFFF703FC01E0AB
:100D6000FFF78EFB009A0AB181F00041019AC2E9B7
:100D70000001D1E72DE9FF4F1F468DB0D7E90146AD
:100D80004FF0FF382E2045464FF000090B90B9690F
:100D90006D1C0E988847396A824688470028F6D12C
:100DA000BAF1FF3F0AD024F4D064002E11DDBAF16D
:100DB0002B0F08D0BAF12D0F0BD102E0404611B035
:100DC000ABE744F48064B9696D1C0E98884782468D
:100DD000761E6946600501D52D2000E02B208DF898
:100DE000000001F1010B0DF1200809E0B9696D1C4B
:100DF0000E98884782460F9844F40074761E05606A
:100E0000002E02DDBAF1300FF0D00B998A453ED1A9
:100E100044F0800406E00F99681CA9F1010944F42C
:100E200000740860B9696D1C761E0E98884782466A
:100E30003028F0D02BE00B998A4505D1200603D449
:100E400044F08004761E18E050460BF0B1F908B368
:100E50000DF11301761E44F400748B4508D2AAF1FB
:100E600030000BF8010B200607D5A9F1010003E0C3
:100E7000200602D409F101008146A00502D50F9990
:100E8000681C0860B9696D1C0E9888478246002E60
:100E9000D1DC53E0002E51DDBAF1650F02D0BAF17A
:100EA000450F4BD1A00549D5B9696D1C24F4407498
:100EB000761E0E9888478246002E0CDD2B2804D023
:100EC000BAF12D0F07D144F48074B9696D1C0E98E6
:100ED00088478246761EE00501D52D2100E02B21B2
:100EE00008F8011BCDF82C8021E00DF12901761EB8
:100EF00044F4007488450CD2AAF1300010F0FF00D1
:100F000088F8000002D10B99884509D908F1010839
:100F100006E0E00501D5244801E042F20F70814669
:100F2000B9696D1C0E98884782460F980560002E9F
:100F300004DD50460BF03CF90028D6D1F9690E9833
:100F40008847FF208BF8000088F8000000200690FA
:100F500007904B466A4608A906A8FFF78BFEA00536
:100F600002D46FF001002AE714F0240F0AD0E00742
:100F700014D1DDE906123868031D3B600068C0E942
:100F800000120BE0DDE90601FFF7F4FB0146E00784
:100F900004D13868021D3A600068016028460EE7F7
:100FA000000024400000F03FF1D8FFFF426842B14A
:100FB000016811F8013B23B1521EC0E90012184626
:100FC00070470121C160881E704742685AB1C368EA
:100FD000016843B983688B4205D0491E521CC0E9A1
:100FE0000012002070474FF0FF3070470EB540F2FE
:100FF000334202920022CDE900221346FFF721FD81
:1010000003B000BD70B58C1810F8015B15F0070334
:1010100001D110F8013B2A1106D110F8012B03E091
:1010200010F8016B01F8016B5B1EF9D12B0705D499
:101030000023521E0DD401F8013BFAE710F8013BE2
:10104000CB1A921C03E013F8015B01F8015B521EFE
:10105000F9D5A142D8D3002070BD70B50546AC6B60
:10106000206C00F0500050BB206C40F400702064F5
:101070002068806800F04050E8B9207ED8B9206828
:10108000C06A00F4700020B12068806800F48060BD
:1010900088B92068406820F0200021684860206CF2
:1010A00020F480702064206C00F4805018B9206C0B
:1010B00040F001002064204603F06CF90BE0206C46
:1010C00000F0100018B1204603F066F903E0A06BB1
:1010D000C16C2846884770BD70B50546AC6B402092
:1010E0002064606C40F004006064204603F054F912
:1010F00070BD70B50446A56B284603F04CF970BD71
:1011000010B502F01BF938B900F022FC00F0B8F875
:101110000121024803F046FE10BD00000008024015
:1011200055494A6822F440324A604A6843681A4383
:101130004A600268526822F4807203685A6002684A
:101140005368026943EA022203685A6002685268DF
:1011500022F0407203685A600268526883681A433A
:1011600003685A600268926822F4006203689A6019
:1011700002689268C3681A4303689A603F4B826AA8
:101180009A4218D00268926822F0706203689A60EE
:1011900002689268836A1A4303689A6002689268D8
:1011A00022F0405203689A6002689268C36A1A4348
:1011B00003689A600BE00268926822F0706203682C
:1011C0009A600268926822F0405203689A6002684E
:1011D000926822F0020203689A6002689368027EB5
:1011E00043EA420203689A602022125CA2B10268BC
:1011F000526842F4006203685A600268526822F43E
:10120000604203685A6002685368426A521E43EAA9
:10121000423203685A6005E00268526822F40062B4
:1012200003685A600268D26A22F470020368DA62C4
:101230000268D36A828B521E43EA02520368DA6262
:101240000268926822F4007203689A6002689368E8
:1012500090F8302043EA422203689A60026892685C
:1012600022F4806203689A6002689368426943EAE4
:10127000822203689A607047002301400100000F3A
:1012800010B5044803F0FEF90A220349014803F0AF
:101290001BF910BD281B0020761A002010B508F09D
:1012A000D7FDFFF72DFF06F027FC06F0F7FB2248DD
:1012B000007818B906F010FE00F09AF81F48007880
:1012C00020B100201D49087000F082FB1C48007806
:1012D00028B100201A49087004201A4908701A48D9
:1012E0000078012826DB0AF071FF002016490870FB
:1012F00006F09CFE06F05CFE144890F851000128B0
:1013000018D106221249114804F084FB044644B166
:10131000104890F8230040F008000E4981F823009F
:1013200007E00C4890F8230020F00800094981F8F4
:10133000230000BF10BD00000C000020A000002012
:10134000A10000208401002006000020D01B002006
:1013500000000020E719002010B54FF480721A49F0
:101360001A4805F045FC19480068C06840F01000B4
:1013700016490968C8604FF480721549154805F090
:1013800037FC14480068C06840F010001149096833
:10139000C86006F063FD00200F4908600F4908701F
:1013A0000F4804F067FD0F480068006840F04000F7
:1013B0000C49096808600A220B490C4803F084F8BC
:1013C00013F0B4FF10BD0000C8170020781D0020E6
:1013D000C8180020C01D0020080000200C000020BC
:1013E000301D0020D01B0020761A0020281B002072
:1013F0002DE9F0412DED048BB64C002600279FED22
:10140000B60AF0EE408AB548007838BB94ED020B7E
:10141000B34880ED000B94ED040BB24880ED000B57
:1014200094ED060AB04880ED000A94ED0E0AAF482C
:1014300080ED000A94ED130AAD4880ED000A94F89F
:101440003000AC49087094F84800AB49087001209E
:10145000A2490870BDEC048BBDE8F081207868B328
:10146000207F01282AD194ED021BB0EE410AF0EE54
:10147000610A9B4890ED001B53EC112B51EC100BB3
:10148000FFF748F919D194ED041BB0EE410AF0EED4
:10149000610A944890ED001B53EC112B51EC100B9A
:1014A000FFF738F909D194ED060A8F48D0ED000A0C
:1014B000B4EE600AF1EE10FA00D0012694F8300084
:1014C000A8B194F830008B490978884209D194ED8D
:1014D0000E0A8648D0ED000AB4EE600AF1EE10FA6A
:1014E00032D0012794ED0E0AF0EE408A2CE094F8F9
:1014F0004800A8B194F848007F490978884209D18A
:1015000094ED130A7A48D0ED000AB4EE600AF1EEC9
:1015100010FA19D0012794ED130AF0EE408A13E077
:1015200094F8300073490978884205D194F848004E
:1015300071490978884207D094F830006D490870E5
:1015400094F848006C4908700EB907B982E766B391
:1015500094ED021BB0EE410AF0EE610A51EC100B63
:10156000FFF708F9804694ED041BB0EE410AF0EE57
:10157000610A51EC100BFFF7FDF8054694ED069A51
:101580005E48C0F80080456080ED029A94ED020B41
:10159000534880ED000B94ED040B524880ED000B96
:1015A00094ED060A504880ED000A07B952E794F816
:1015B00030005049087094F848004F49087094ED85
:1015C0000E0A4A4880ED000A94ED130A484880ED5F
:1015D000000A4B48007848B94A48C0ED008A01200B
:1015E000474908704848C0ED088A33E7454890ED00
:1015F000000A38EEC08A9FED450AB4EEC08AF1EECB
:1016000010FA06DD9FED420A38EE400AB0EE408A3D
:101610000CE09FED400AB4EEC08AF1EE10FA05D25C
:101620009FED3B0A38EE000AB0EE408A9FED3A0A81
:10163000B4EEC08AF1EE10FA07DD9FED380AB4EE81
:10164000C08AF1EE10FA00D204E72E4890ED000AAD
:10165000F5EE000A00EE880A80ED000A90ED000A1F
:10166000DFED2B0AB4EEE00AF1EE10FA08DB90EDA4
:10167000000ADFED270A30EE600A80ED000A0FE075
:10168000204890ED000AB5EEC00AF1EE10FA07D23C
:1016900090ED000ADFED1E0A30EE200A80ED000A10
:1016A000184890ED000A1E4880ED000A90ED000AEF
:1016B000DFED1C0A30EE200ADFED1B0A20EE200AC7
:1016C000BCEEC00A10EE100A1849A1F8430000BF92
:1016D000C0E600003020002000000000A200002032
:1016E000A8000020B0000020B8000020BC000020AE
:1016F000C0000020C4000020C5000020BC1A00204B
:10170000CC000020C8000020A03E00200000344390
:101710000000B443000034C3CDCC4CBDCDCC4C3D17
:10172000280000200000B4420000C842E719002051
:1017300008B508B1026802B908BD0268116801F075
:101740000F0202B9F8E701F0010252B100BF002216
:10175000009202681268009202685268009200BF0C
:1017600000BF01F0020252B100BF002200920268E5
:101770001268009202685268009200BF00BF01F038
:10178000040252B100BF0022009202681268009267
:1017900002685268009200BF00BF01F0080252B117
:1017A00000BF00220092026812680092026852682C
:1017B000009200BF00BF00BFBEE770B504460D46F3
:1017C00016460CB105B10EB9012070BD202084F879
:1017D00042002046FFF7ACFF32462946204605F07E
:1017E00007FA08B10120F0E72068C06840F0100057
:1017F0002168C8600020E8E708B1016801B97047B6
:1018000090F84110212900D0F9E70168096801F03A
:10181000400140291ED10168C96801F04001C9B1E9
:101820000168C96821F040010268D16000BF00BFB3
:101830000268143252E8002F22F08001026814324C
:1018400042E80013002BF3D100BF0021C184202106
:1018500080F8411000BFD2E710B504460CB12068F3
:1018600000B910BD00BF00BF2168143151E8001F4E
:1018700021F080002168143141E80002002AF3D1F0
:1018800000BF2068C06820F040002168C860A06BDD
:10189000B0B1A06B90F83500022802D1A06B02F025
:1018A00031FFA06B90F83400012805D100BF002063
:1018B000A16B81F8340000BF0120A16B81F83500D5
:1018C0006FF04000216808600020E084202084F848
:1018D000410000BFC5E770B505460C462846FFF736
:1018E0008BFF95F84100212802D00020206070BDB8
:1018F000206818B903F066FA2060F8E703F062FA8E
:101900002168401A052804D32846FFF7A5FF0020C8
:10191000206000BFEBE70000094800780004084998
:10192000497840EA0120064989780843C0F39400C9
:1019300004490860084600680349086070470000D1
:1019400000000020DC0000201800002000BFFEE79F
:1019500000200149087070470F00002070B505464F
:101960002C4604B970BDA078102800D0FAE7E078C2
:101970000A2801DCE07800B9F4E70DF045FAE078D8
:10198000034A52F82010201D884700BFEAE70000F4
:101990003400002010B586B00446142101A8FEF7DB
:1019A00059FC01208DF8040001A813F0DFFC06B0FB
:1019B00010BD10B586B00446142101A8FEF74AFCFC
:1019C00006208DF8040001A813F0D0FC06B010BD6D
:1019D00070B52DED088B0446E1780906A27841EA3E
:1019E0000241627841EA0221227841EA0200FEF7D0
:1019F00028FE41EC1B0B9FED270B53EC102BFEF741
:101A00003FFD41EC180BE1790906A27941EA024158
:101A1000627941EA0221227941EA0200FEF711FED1
:101A200041EC1B0B9FED1B0B53EC102BFEF728FD1D
:101A300041EC190BE07A0006A17A40EA0140617A94
:101A400040EA0120217A084300EE100AB8EEC00AED
:101A5000B0EE40AA257B11480068401C0F49086081
:101A60000F4880ED008B0F4880ED009B0E4880ED05
:101A700002AA51EC180BFEF77DFE0B49486051ECB1
:101A8000190BFEF777FE0849086001F087FBBDECF3
:101A9000088B70BD00000080B5F8E43E1400002003
:101AA0008000002088000020B01A0020704710B588
:101AB0002DED028B86B004462078617840EA012043
:101AC00000B208EE900AA078E17840EA012000B266
:101AD00008EE100A142101A8FEF7BCFB03208DF8C4
:101AE0000400B8EEE80A8DED020AB8EEC80A8DEDE2
:101AF000030A06B0BDEC028B10BD00002DE9F047D3
:101B00002DED068B044600224FF400617F4803F060
:101B100053F94FF00009E0780006A17840EA01404F
:101B2000617840EA0120217840EA0105E079000669
:101B3000A17940EA0140617940EA0120217940EA37
:101B40000106A07AE17A40EA01200FFA80F8207AB3
:101B5000617A40EA012007B200EE108AB8EEC00AAE
:101B6000B0EE408AE07B0006A17B40EA0140617B49
:101B700040EA0120217B084365490860E07C0006BB
:101B8000A17C40EA0140617C40EA0120217C0843BD
:101B900060490860604885420AD06048854207DB9A
:101BA0004042854204DC5E4845604FF0010903E095
:101BB000BDEC068BBDE8F087574886420AD05948ED
:101BC000864207DB4042864204DC554886604FF07F
:101BD000010900E0ECE717F57A7F0ADB47F23050A5
:101BE000874206DC4E488781A0F80E804FF001093D
:101BF00000E0DDE79FED4C0AB4EEC08AF1EE10FA8A
:101C000007DD9FED4A0AB4EEC08AF1EE10FA00D269
:101C1000CEE740480068B42808DD3E48006810F16F
:101C2000B40F03DA00203B490860C1E718EE100A40
:101C3000FEF75DFD41EC1A0B9FED3D0B53EC102BB5
:101C4000FEF71EFC41EC190BFEF794FD3A49886142
:101C5000304890ED000AB8EEC00A10EE100AFEF708
:101C600046FD41EC1A0B9FED320B53EC102BFEF7A7
:101C700007FC41EC190BFEF77DFD2F49C861244894
:101C800090ED000AB8EEC00A10EE100AFEF72FFD24
:101C900041EC1A0B9FED260B53EC102BFEF7F0FBDB
:101CA00041EC190BFEF766FD2349086200EE107A3D
:101CB000B8EEC00A214880ED020A00EE106AB8EEC4
:101CC000C00ADFED1F0A80EE201A80ED001A00EE38
:101CD000105AB8EEC00ADFED1A0A80EE201A80ED25
:101CE000011A084690ED080ADFED160AB4EEE00A84
:101CF000F1EE10FA07DB90ED080ADFED120A30EE84
:101D0000600A80ED080A00BF52E7000000080240A8
:101D10002C00002030000020005A62028057EDFEA7
:101D20008A1A0020C0AB76FF00003443000034C3A1
:101D30007B14AE47E17A843FA03E0020A41A002025
:101D40000050C3470000B44310B52DED028B86B0A0
:101D500004462078617840EA012000B208EE900A3B
:101D6000A078E17840EA012000B208EE100A1421C0
:101D700001A8FEF76FFA02208DF80400B8EEE80A19
:101D80008DED020AB8EEC80A8DED030A01A813F022
:101D9000EDFA06B0BDEC028B10BD000070B52DED64
:101DA000028B86B0044625786078A17840EA01204D
:101DB00008EE100AE678E078217940EA012008EE82
:101DC000900A142101A8FEF745FA0A208DF80400B4
:101DD0008DF80850B8EE480ADFED0B0A20EE200A15
:101DE0008DED030A8DF81060B8EE680ADFED060A83
:101DF00020EE200A8DED050A01A813F0B7FA06B00F
:101E0000BDEC028B70BD00000AD7233C30B52DED30
:101E1000028B85B005461648B0F9180008EE100A86
:101E20001348B0F91A0008EE900A1148047F1421F3
:101E30006846FEF70FFA05208DF80000B8EEC80AD4
:101E4000DFED0C0A20EE200A8DED010AB8EEE80A5B
:101E5000DFED080A20EE200A8DED020A8DF80C4015
:101E6000684613F083FA05B0BDEC028B30BD00006C
:101E7000C81900200AD7233C7047000010B52DED8B
:101E8000048B304800882F49498808442D498988A7
:101E900008442C49C98808442A4909890844294921
:101EA000498908442749898908442649C989084439
:101EB0002449098A08442349498A08442249086078
:101EC00008460068FEF7CEFB41EC190B9FED1F0B97
:101ED00053EC102BFEF7D4FA41EC180BFEF74AFC3A
:101EE0001C49086008460068FEF701FC41EC190B2C
:101EF0009FED190B53EC102BFEF7C2FA41EC180BB7
:101F0000FEF738FC16490860084690ED000ADFED40
:101F1000150A30EE600A10EE101A0846FEF7E7FBCD
:101F200041EC190B9FED100B53EC102BFEF7A8FAA8
:101F300041EC180BFEF71EFC0D490860BDEC048B4C
:101F400010BD0000761A0020F80100209A99999996
:101F50009999B93FFC0100203F80C9999CC9E93F8C
:101F6000000200200040CE4436CB6EF0C1078F3F08
:101F70005C01002010B5024802F032FC10BD0000E8
:101F8000101F002010B5024802F02AFC10BD00000E
:101F9000701F002010B506F081F9024802F020FC05
:101FA00010BD0000701B002010B5024802F018FCA4
:101FB00010BD0000D01F002010B5024802F010FC38
:101FC00010BD0000281C002010B5024802F008FCDB
:101FD00010BD0000881C002010B5024802F000FC73
:101FE00010BD0000501E002010B5024802F0F8FBA2
:101FF00010BD0000B01E00200146087810381823DC
:10200000B0FBF3F20848805CC865032A05D908686C
:102010006FF30900001D886503E008686FF309008D
:102020008865886D70470000B45B01080146002098
:102030008A6A8B69CBB932B1012A0DD0022A03D04A
:10204000032A10D10EE000BFCB6A03F08073B3F116
:10205000807F00D1012007E0CB6AB3F1C07F00D1BF
:10206000012001E000E000BF34E08B69B3F5005FC0
:102070001AD132B1012A07D0022A03D0032A11D182
:102080000AE000BF01200EE0CB6A03F08073B3F1D9
:10209000807F00D1012006E0CB6AB3F1C07F00D180
:1020A000012000E000BF15E032B1012A05D0022A6C
:1020B00004D0032A0CD103E000BF00BF012008E0D8
:1020C000CB6A03F08073B3F1807F00D1012000E080
:1020D00000BF00BF704730B50468246824F4802432
:1020E00005682C60046863608468402C04D104682F
:1020F000A2600468E16003E00468A1600468E26033
:1021000030BD704772B600BFFEE7000010B52DED80
:10211000068BB0EE408A2848007828B10122D1020F
:10212000264802F049FE05E000224FF400612348F2
:1021300002F042FEB5EEC08AF1EE10FA06DD002292
:102140004FF480511D4802F037FE04E001221103D4
:102150001A4802F031FE9FED1A0AB4EEC08AF1EE81
:1021600010FA04DD9FED160AB0EE408A0AE09FEDFA
:10217000150AB4EEC08AF1EE10FA03D29FED110AEF
:10218000B0EE408A18EE100AFEF7B1FA41EC1A0BD5
:10219000B0EE4A0AF0EE6A0A08F066FAB0EE409A2B
:1021A000F0EE609A51EC190BFEF788FA06490860C8
:1021B000BDEC068B10BD00008D0100200008024020
:1021C00000408345004083C53404004010B52DED28
:1021D0000A8BF0EE408AB0EE608AB0EE419AF0EEE3
:1021E000619A5E48006800287DD118EE100AFEF75B
:1021F0007EFA41EC1C0B53EC1C2B9FED590B51EC60
:10220000100BFEF7AFF941EC1A0B18EE900AFEF72F
:102210006EFA41EC1B0B53EC1A2BFEF793FA13D812
:1022200018EE100AFEF763FA41EC1B0B53EC1B2B64
:102230009FED4B0B51EC100BFEF794F941EC1A0B90
:10224000FEF798FA08EE900A18EE900AFEF74FFA99
:1022500041EC1B0B9FED440B53EC102BFEF710F9D8
:1022600041EC1A0BFEF786FA414908600846D0EDAA
:10227000000AB0EE001A81EE200A30EE080A3D484E
:1022800080ED000A0068FEF732FA41EC1B0B53ECBC
:102290001B2B9FED390B51EC100BFEF763F941EC52
:1022A0001A0BFEF767FA3649C1F8C401084690EDEB
:1022B000710A10EE101A0846FEF719FA41EC1B0BD2
:1022C0009FED300B53EC102BFEF7DAF841EC1A0BB4
:1022D000FEF750FA2A49C1F8C0012548D0ED000A9E
:1022E000B0EE001A00E012E081EE200A30EE480A5B
:1022F0002048D0ED000A80EE201A084680ED731ABF
:10230000B7EE000A80ED720A0120144908601C48EB
:1023100090ED360A80ED370A80ED369A90ED380A56
:1023200080ED390A90ED730AD0ED390A20EE200ACB
:10233000D0ED700A90ED361A00EE810AD0ED710AE8
:1023400090ED371A00EE810A80ED380A90ED380AD8
:1023500020EE290ABDEC0A8B10BD00003C170020BE
:10236000000000000000D03F1F85EB51B81E19404F
:10237000401700204417002000000000000000C0AB
:1023800068480020000000000000F0BF10B52DEDEF
:10239000108B86B00446F0EE408AB0EE608AB0EE54
:1023A000419AF0EE619AFE48006800287ED118EE4E
:1023B000100AFEF79CF941EC1C0B53EC1C2B9FED13
:1023C000F90B51EC100BFEF7CDF841EC1A0B18EE9F
:1023D000900AFEF78CF941EC1B0B53EC1A2BFEF71D
:1023E000B1F913D818EE100AFEF781F941EC1B0B76
:1023F00053EC1B2B9FEDEB0B51EC100BFEF7B2F8DF
:1024000041EC1A0BFEF7B6F908EE900A18EE900AA6
:10241000FEF76DF941EC1B0B9FEDE40B53EC102B19
:10242000FEF72EF841EC1A0BFEF7A4F9E14908601B
:10243000022C01DD022402E0012C00DA0124012C2F
:1024400059D1DC48D0ED000AB0EE001A81EE200A26
:1024500030EE080AD84880ED000A9FEDD80AD84827
:1024600080ED7A0AD4480068FEF741F941EC1B0B75
:1024700053EC1B2B9FEDD30B51EC100BFEF772F8B6
:1024800041EC1A0BFEF776F9CD49C1F8E401084694
:1024900090ED790A10EE101A0846FEF728F941EC83
:1024A0001B0B9FEDCA0B53EC102B00E001E1FDF775
:1024B000E7FF41EC1A0BFEF75DF9C149C1F8E001F5
:1024C0009FEDBE0A084680ED7D0ABA48D0ED000AAD
:1024D000B0EE001A81EE200A30EE480AB648D0ED80
:1024E000000A80EE201A084680ED7C1AB7EE000A3A
:1024F00080ED7B0ADAE0AF4890ED000A20EE000A9A
:1025000020EE080A20EE080A10EE101A0846FEF720
:10251000EEF841EC1B0B18EE100AFEF7E8F8CDE9D7
:102520000401A4480068FEF7E2F841EC1F0B9FEDA0
:10253000A90B53EC102BFDF7A3FF41EC1E0B9DEDF7
:10254000040B53EC102BFDF79BFF41EC1D0B9FED93
:10255000A30B53EC102BFDF7ECFE41EC1C0B53ECE2
:102560001B2BFDF7E6FE41EC1A0BFEF703F99D4924
:102570000860904890ED000A20EE000AF0EE000A94
:1025800020EE200A20EE480A0846D0ED000A80EE30
:10259000201A8B4880ED7A1A9FED880A80ED790A1F
:1025A00090ED7A0A10EE101A0846FEF7A0F841ECFA
:1025B0001B0B9FED860B53EC102BFDF761FF41ECDD
:1025C0001A0BFEF7D7F87E49C1F8E001854800688C
:1025D000FEF78DF8CDE90201764890ED000A20EE75
:1025E000000A20EE080A20EE080A10EE101A08462B
:1025F000FEF77DF841EC1B0B18EE100AFEF777F89A
:1026000041EC1D0B6B480068FEF771F841EC1E0BA6
:102610009FED700B53EC102BFDF732FF41EC1F0BBD
:1026200053EC1D2BFDF72CFF41EC1C0B53EC1B2B2B
:10263000FDF720FF9FED690B53EC102BCDE9000156
:102640009DED000B51EC100BFDF714FF41EC1A0B44
:102650009DED020B53EC102BFDF784FFCDE9040137
:102660009DED040B51EC100BFEF784F85449C1F8B2
:10267000F401504890ED000AF0EE000A20EE200A26
:10268000D0ED000A20EE200A60EE080AB2EE000A41
:1026900000EEC80A5348D0ED000A80EE201A084622
:1026A00080ED7C1AB7EE000A80ED7B0A01203C49E0
:1026B0000860434890ED440B80ED460B90ED420BD3
:1026C00080ED440B80ED429B90ED4A0B80ED4C0B6E
:1026D00090ED480B80ED4A0B90ED7A0A10EE101A3F
:1026E0000846FEF704F841EC1A0B354890ED461BFE
:1026F000B0EE410AF0EE610A53EC102B51EC1A0BCC
:10270000FDF7BEFECDE904012D4890ED790A10EEEB
:10271000101A0846FDF7EBFF41EC1B0B284890ED23
:10272000441BB0EE410AF0EE610A53EC102B51EC61
:102730001B0BFDF7A5FE41EC1A0B214890ED780A22
:1027400010EE101A0846FDF7D2FF41EC1C0B1C4896
:1027500090ED421BB0EE410AF0EE610A53EC102BF3
:1027600051EC1C0BFDF78CFE41EC1B0B144890ED5B
:102770007D0A10EE101A0846FDF7B9FF41EC1E0B5A
:102780000F4890ED4C1BB0EE410AF0EE610A53EC9D
:10279000102B51EC1E0BFDF773FE41EC1C0B23E0DC
:1027A000AC170020000000000000D03F1F85EB5157
:1027B000B81E1940B0170020B41700200000000018
:1027C0006848002000000000000000C00000000079
:1027D0000000F0BF39B4C876BE9F0640000000007C
:1027E00000001040B8170020214890ED7C0A10EE40
:1027F000101A0846FDF77BFF41EC1E0B1C4890EDBC
:102800004A1BB0EE410AF0EE610A53EC102B51EC7A
:102810001E0BFDF735FE41EC1D0B53EC1C2BFDF799
:1028200088FD53EC1B2BCDE900019DED000B51EC15
:10283000100BFDF77EFD41EC1F0B53EC1A2BFDF73F
:1028400078FDCDE902019DED040B53EC102B9DEDBD
:10285000020B51EC100BFDF76CFD054A02F590726E
:1028600003C2034890ED480B06B0BDEC108B10BDC1
:102870006848002030B52DED108B85B004460D461C
:10288000B0EE408AF0EE608AC448006800287DD12E
:1028900018EE100AFDF72BFF41EC1B0B53EC1B2B22
:1028A0009FEDBF0B51EC100BFDF75CFE41EC190BDB
:1028B0002846FDF7C6FE41EC1A0B53EC192BFDF729
:1028C00041FF12D818EE100AFDF711FF41EC1A0B68
:1028D00053EC1A2B9FEDB20B51EC100BFDF742FE9F
:1028E00041EC190BFDF7CBFE05462846FDF7A9FE86
:1028F00041EC1A0B9FEDAC0B53EC102BFDF7C0FD18
:1029000041EC190BFDF736FFA9490860022C01DDE7
:10291000022402E0002C00DA0024012C37D1A44864
:10292000D0ED000AB0EE001A81EE200A30EE080A5F
:10293000A04880ED000A9FEDA00AA04880ED540A4F
:102940009C4890ED000AC8EE000A9C48C0ED530A6E
:1029500090ED530A80ED520A9FED970A80ED570AD9
:102960009348D0ED000AB0EE001A81EE200A30EE56
:10297000480A9048D0ED000A80EE201A8F4880ED7A
:10298000561AB7EE000A80ED550AC5E0C7E0884840
:1029900090ED000A20EE000A20EE080A20EE080A58
:1029A00010EE101A0846FDF7A2FE41EC1A0B18EEC5
:1029B000100AFDF79CFE41EC1D0B7D480068FDF7F9
:1029C00096FE41EC1F0B9FED7E0B53EC102BFDF799
:1029D00057FD41EC1E0B53EC1D2BFDF751FD41EC57
:1029E0001C0B9FED790B53EC102BFDF7A2FC41EC77
:1029F0001B0B53EC1A2BFDF79CFC41EC190BFDF75C
:102A0000B9FE734908606A4890ED000A20EE000A9A
:102A100020EE080A20EE080A0846D0ED000A80EEF3
:102A2000201A664880ED541A90ED540AF0EE000A20
:102A300020EE200A80ED530A90ED540A80ED520AF0
:102A400008460068FDF753FE41EC190B584890ED1D
:102A5000000A20EE000A20EE080A20EE080A10EE16
:102A6000101A0846FDF743FE41EC1B0B18EE100A46
:102A7000FDF73DFECDE900014D480068FDF737FE4A
:102A800041EC1E0B9FED4E0B53EC102BFDF7F8FCA9
:102A900041EC1D0B9DED000B53EC102BFDF7F0FCF2
:102AA00041EC1C0B53EC1B2BFDF7E4FC41EC1A0B27
:102AB0009FED450B53EC102BFDF7DCFC53EC192B71
:102AC000CDE902019DED020B51EC100BFDF74AFD23
:102AD00041EC1F0BFDF74EFE3849C1F85C0134484C
:102AE00090ED000AF0EE000A20EE200AD0ED000A78
:102AF00020EE200A60EE080AB2EE000A00EEC80AD4
:102B00003348D0ED000A80EE201A084680ED561AB0
:102B1000B7EE000A80ED550A0120204908601CB973
:102B20002648C0ED038A32E0244890ED010A80ED8A
:102B3000020A90ED000A80ED010AC0ED008A90EDD6
:102B4000040A80ED050A90ED030A80ED040A90ED79
:102B5000560AD0ED040A20EE200AD0ED570A90ED77
:102B6000051A00EE810AD0ED520A90ED001A00EE2F
:102B7000810AD0ED530A90ED011A00EE810AD0EDE2
:102B8000540A90ED021A00EE810A80ED030A0B4808
:102B900090ED030A05B0BDEC108B30BDE0160020AF
:102BA000000000000000D03F1F85EB51B81E194007
:102BB000E4160020E816002000000000684800200D
:102BC00039B4C876BE9F06400000000000001040E7
:102BD000EC16002010B52DED108B86B00446F0EEFB
:102BE000408AB0EE608AB0EE41FAF0EE61FAEF484A
:102BF000006800287ED118EE100AFDF778FD41EC40
:102C00001B0B53EC1B2B9FEDEA0B51EC100BFDF74C
:102C1000A9FC41EC190B18EE900AFDF768FD41EC98
:102C20001A0B53EC192BFDF78DFD13D818EE100A73
:102C3000FDF75DFD41EC1A0B53EC1A2B9FEDDC0BFD
:102C400051EC100BFDF78EFC41EC190BFDF792FDDA
:102C500008EE900A18EE900AFDF749FD41EC1A0BB8
:102C60009FEDD50B53EC102BFDF70AFC41EC190B33
:102C7000FDF780FDD2490860032C01DD032402E04A
:102C8000012C00DA0124012C38D1CD48D0ED000A06
:102C9000B0EE001A81EE200A30EE080AC94880ED35
:102CA000000A9FEDC90AC94880ED5A0AC54890ED4F
:102CB000000AC8EE000AC548C0ED590A90ED590A4D
:102CC00080ED580A9FEDC00A80ED5D0ABC48D0ED4A
:102CD000000AB0EE001A81EE200A30EE480AB94828
:102CE000D0ED000A80EE201AB84880ED5C1AB7EEED
:102CF000000A00E018E180ED5B0A12E1022C7DD1B0
:102D0000AF4890ED000A20EE000A20EE080A20EEFF
:102D1000080A10EE101A0846FDF7E9FC41EC1A0B00
:102D200018EE100AFDF7E3FC41EC1C0BA448006808
:102D3000FDF7DDFC41EC1E0B9FEDA50B53EC102BBA
:102D4000FDF79EFB41EC1D0B53EC1C2BFDF798FB94
:102D50009FEDA10B53EC102BCDE904019DED040B6D
:102D600051EC100BFDF7E5FA41EC1B0B53EC1A2B61
:102D7000FDF7DFFA41EC190BFDF7FCFC9849086000
:102D80008F4890ED000A20EE000A20EE080A20EE9F
:102D9000080A0846D0ED000A80EE201A8B4880ED24
:102DA0005A1A90ED5A0AF0EE000A20EE200A80ED41
:102DB000590A90ED5A0A80ED580A08460068FDF756
:102DC00096FC41EC1D0B7E4890ED000A20EE000AB7
:102DD00020EE080A20EE080A10EE101A0846FDF749
:102DE00086FC41EC1A0B18EE100AFDF780FCCDE9C9
:102DF000000173480068FDF77AFC00E050E041EC08
:102E00001C0B9FED730B53EC102BFDF739FB41ECC2
:102E10001B0B9DED000B53EC102BFDF731FB53EC1E
:102E20001A2BCDE902019DED020B51EC100BFDF7C1
:102E300021FB41EC190B9FED680B53EC102BFDF7B8
:102E400019FB41EC1E0B53EC1D2BFDF78BFBCDE961
:102E500004019DED040B51EC100BFDF78BFC5B495D
:102E6000C1F87401564890ED000AF0EE000A20EE19
:102E7000200AD0ED000A20EE200A60EE080AB2EE29
:102E8000000A00EEC80A5648D0ED000A80EE201A6B
:102E9000084680ED5C1AB7EE000A80ED5B0A40E060
:102EA0004748D0ED000AB0EE001A81EE200A30EE5D
:102EB000080A444880ED000A9FED430A434880ED2C
:102EC0005A0A3F48D0ED000AB8EE001A81EE200AF7
:102ED0003C48D0ED000A80EE201A3C4880ED591A9B
:102EE00090ED590AFFEE000A20EE200A80ED580A04
:102EF0009FED350A80ED5D0A3148D0ED000AB0EE55
:102F0000001A81EE200A30EE480A2E48D0ED000A61
:102F100080EE201A2D4880ED5C1AB7EE000A80ED95
:102F20005B0A0120214908601CB9284880ED09FA94
:102F300032E0264890ED070A80ED080A90ED060A77
:102F400080ED070A80ED06FA90ED0A0A80ED0B0A83
:102F500090ED090A80ED0A0A90ED5C0AD0ED0A0AAC
:102F600020EE200AD0ED5D0A90ED0B1A00EE810AEA
:102F7000D0ED580A90ED061A00EE810AD0ED590AFC
:102F800090ED071A00EE810AD0ED5A0A90ED081A6A
:102F900000EE810A80ED090A0C4890ED090A20EE46
:102FA0002F0A06B0BDEC108B10BD0000F0160020FB
:102FB000000000000000D03F1F85EB51B81E1940F3
:102FC000F4160020F81600200000000068480020D9
:102FD00039B4C876BE9F06400000000000001040D3
:102FE000FC16002010B52DED0A8BF0EE408AB0EEF5
:102FF000608AB0EE419A5D48006800287DD118EEE5
:10300000100AFDF774FB41EC1C0B53EC1C2B9FEDDD
:10301000580B51EC100BFDF7A5FA41EC1A0B18EE0A
:10302000900AFDF764FB41EC1B0B53EC1A2BFDF7E8
:1030300089FB13D818EE100AFDF759FB41EC1B0B66
:1030400053EC1B2B9FED4A0B51EC100BFDF78AFA4A
:1030500041EC1A0BFDF78EFB08EE900A18EE900A71
:10306000FDF745FB41EC1B0B9FED430B53EC102B85
:10307000FDF706FA41EC1A0BFDF77CFB40490860AE
:103080000846D0ED000AB0EE001A81EE200A30EEBC
:10309000080A3C4880ED000A0068FDF728FB41EC77
:1030A0001B0B53EC1B2B9FED380B51EC100BFDF75A
:1030B00059FA41EC1A0BFDF75DFB3549C1F8D40113
:1030C000084690ED750A10EE101A0846FDF70FFB42
:1030D00041EC1B0B9FED2F0B53EC102BFDF7D0F9A0
:1030E00041EC1A0BFDF746FB2949C1F8D0012448F1
:1030F000D0ED000AB0EE001A00E012E081EE200AE6
:1031000030EE480A1F48D0ED000A80EE201A08462B
:1031100080ED771AB7EE000A80ED760A0120134998
:1031200008601B4890ED3E0A80ED3F0A80ED3E9A14
:1031300090ED400A80ED410A90ED770AD0ED410A0A
:1031400020EE200AD0ED740A90ED3E1A00EE810ABE
:10315000D0ED750A90ED3F1A00EE810A80ED400A2D
:1031600090ED400ABDEC0A8B10BD0000481700200E
:10317000000000000000D03F1F85EB51B81E194031
:103180004C1700205017002000000000000000C075
:1031900068480020000000000000F0BF00B52DEDE1
:1031A000028B97B05A4890ED000A10EE101A0846AC
:1031B000FDF79DFA41EC180BB0EE480AF0EE680AF4
:1031C0000BF090FF534880ED020B514890ED010A3F
:1031D00010EE101A0846FDF78AFA41EC180BB0EE13
:1031E000480AF0EE680A0BF07DFF4A4880ED000BBC
:1031F000474890ED020A474880ED040A464890EDA2
:10320000000A10EE101A0846FDF771FA41EC180B8F
:10321000B0EE480AF0EE680A0BF064FF3F4880ED1C
:10322000020B3D4890ED010A10EE101A0846FDF71A
:103230005EFA41EC180BB0EE480AF0EE680A0BF0AB
:1032400051FF364880ED000B334890ED020A10EE36
:10325000101A0846FDF74BFA304AC2E9040130481B
:1032600090ED460A2F4880ED000A2F4890ED230A82
:103270002C4880ED010A9FED2D0A80ED020A3022D4
:10328000264902A8FCF7CDFF2249D1E90401CDE986
:10329000000120480FC805F013FA254880ED000A08
:1032A000C0ED010A80ED021A28221C490831684647
:1032B000FCF7B7FF1B4890ED021AD0ED010A90ED24
:1032C000000A16480CC80BA805F0DAFF30220BA93B
:1032D0001848FCF7A6FF242216490C316846FCF773
:1032E000A0FF134890ED011AF0EE410A90ED001A8C
:1032F000B0EE410A0F480EC812A803F057FF14227F
:1033000012A90D48FCF78DFF17B0BDEC028B00BD74
:10331000B01A0020D03E0020A41A0020A03E0020B9
:10332000483B0020903E0020CC3C002000000000E4
:10333000B440002050400020A04000200348007806
:10334000012801D1002070470220FCE70F00002077
:1033500010B52DED0A8BF0EE408AB0EE608AB0EE2B
:10336000419A5D48006800287DD118EE100AFDF7EB
:10337000BEF941EC1C0B53EC1C2B9FED580B51EC90
:10338000100BFDF7EFF841EC1A0B18EE900AFDF761
:10339000AEF941EC1B0B53EC1A2BFDF7D3F913D804
:1033A00018EE100AFDF7A3F941EC1B0B53EC1B2B95
:1033B0009FED4A0B51EC100BFDF7D4F841EC1A0BC2
:1033C000FDF7D8F908EE900A18EE900AFDF78FF98C
:1033D00041EC1B0B9FED430B53EC102BFDF750F80A
:1033E00041EC1A0BFDF7C6F9404908600846D0EDDC
:1033F000000AB0EE001A81EE200A30EE080A3C48BE
:1034000080ED000A0068FDF772F941EC1B0B53ECEC
:103410001B2B9FED380B51EC100BFDF7A3F841EC83
:103420001A0BFDF7A7F93549C1F83C01084690EDA4
:103430004F0A10EE101A0846FDF759F941EC1B0B24
:103440009FED2F0B53EC102BFDF71AF841EC1A0BE4
:10345000FDF790F92949C1F838012448D0ED000A58
:10346000B0EE001A00E012E081EE200A30EE480AC9
:103470001F48D0ED000A80EE201A084680ED511A50
:10348000B7EE000A80ED500A0120134908601B487E
:1034900090ED1E0A80ED1F0A80ED1E9A90ED200A25
:1034A00080ED210A90ED510AD0ED210A20EE200A8C
:1034B000D0ED4E0A90ED1E1A00EE810AD0ED4F0AB3
:1034C00090ED1F1A00EE810A80ED200A90ED200A8F
:1034D000BDEC0A8B10BD0000B416002000000000F7
:1034E0000000D03F1F85EB51B81E1940B8160020D0
:1034F000BC16002000000000000000C0E8460020CC
:10350000000000000000F0BF10B52DED108B86B05C
:103510000446F0EE408AB0EE608AB0EE41FAE04830
:10352000006800287ED118EE100AFDF7E0F841ECA3
:103530001B0B53EC1B2B9FEDDB0B51EC100BFDF722
:1035400011F841EC190B18EE900AFDF7D0F841EC98
:103550001A0B53EC192BFDF7F5F813D818EE100AD7
:10356000FDF7C5F841EC1A0B53EC1A2B9FEDCD0B70
:1035700051EC100BFCF7F6FF41EC190BFDF7FAF8D4
:1035800008EE900A18EE900AFDF7B1F841EC1A0B1C
:103590009FEDC60B53EC102BFCF772FF41EC190B9F
:1035A000FDF7E8F8C3490860022C01DD022402E0BF
:1035B000012C00DA0124012C59D1BE48D0ED000ABB
:1035C000B0EE001A81EE200A30EE080ABA4880ED0B
:1035D000000A9FEDBA0ABA4880ED580AB64800685A
:1035E000FDF785F841EC1A0B53EC1A2B9FEDB50B48
:1035F00051EC100BFCF7B6FF41EC190BFDF7BAF8D4
:10360000AF49C1F85C01084690ED570A10EE101A58
:103610000846FDF76CF841EC1A0B9FEDAC0B53EC30
:10362000102B00E003E1FCF72BFF41EC190BFDF739
:10363000A1F8A349C1F858019FEDA00A084680ED02
:103640005B0A9C48D0ED000AB0EE001A81EE200A19
:1036500030EE480A9848D0ED000A80EE201A08465D
:1036600080ED5A1AB7EE000A80ED590ADCE0914865
:1036700090ED000A20EE000A20EE080A20EE080A6B
:1036800010EE101A0846FDF732F841EC1A0B18EE4E
:10369000100AFDF72CF841EC1D0B86480068FDF779
:1036A00026F89FED8C0B53EC102BCDE904019DED1A
:1036B000040B51EC100BFCF7E3FE41EC1E0B53EC3A
:1036C0001D2BFCF7DDFE41EC1C0B9FED840B53EC36
:1036D000102BFCF72EFE41EC1B0B53EC1A2BFCF7C6
:1036E00028FE41EC190BFDF745F87E49086071484A
:1036F00090ED000A20EE000AF0EE000A20EE200A0B
:1037000020EE480A0846D0ED000A80EE201A6C48E8
:1037100080ED581A9FED690A80ED570A90ED580A1E
:1037200010EE101A0846FCF7E2FF41EC1A0B9FED71
:10373000670B53EC102BFCF7A3FE41EC190BFDF7C4
:1037400019F85F49C1F8580166480068FCF7CFFFD7
:1037500041EC1E0B574890ED000A20EE000A20EEC7
:10376000080A20EE080A10EE101A0846FCF7BFFF00
:10377000CDE9000118EE100AFCF7B9FF41EC1B0B74
:103780004C480068FCF7B3FF41EC1D0B9FED510B5B
:1037900053EC102BFCF774FE41EC1C0B53EC1B2B71
:1037A000FCF76EFE41EC1A0B9DED000B53EC102B59
:1037B000FCF760FE41EC190B9FED480B53EC102B0E
:1037C000FCF758FE53EC1E2BCDE902019DED020BD8
:1037D00051EC100BFCF7C6FECDE904019DED040B86
:1037E00051EC100BFCF7C6FF3549C1F86C013148AC
:1037F00090ED000AF0EE000A20EE200AD0ED000A5B
:1038000020EE200A60EE080AB2EE000A00EEC80AB6
:103810003448D0ED000A80EE201A084680ED5A1A8E
:10382000B7EE000A80ED590A01201D4908602448BE
:1038300090ED270A80ED280A90ED260A80ED270AF0
:1038400080ED26FA90ED2A0A80ED2B0A90ED290AE8
:1038500080ED2A0A90ED5A0AD0ED2A0A20EE200ABD
:10386000D0ED5B0A90ED2B1A00EE810AD0ED560ADE
:1038700090ED261A00EE810AD0ED570A90ED271A36
:1038800000EE810AD0ED580A90ED281A00EE810A68
:1038900080ED290A90ED290A06B0BDEC108B10BD11
:1038A000CC160020000000000000D03F1F85EB5127
:1038B000B81E1940D0160020D416002000000000C9
:1038C000E846002000000000000000C000000000EA
:1038D0000000F0BF39B4C876BE9F0640000000006B
:1038E00000001040D816002030B52DED108B85B0AB
:1038F00004460D46B0EE408AF0EE608AC448006887
:1039000000287DD118EE100AFCF7F1FE41EC1B0BEC
:1039100053EC1B2B9FEDBF0B51EC100BFCF722FE61
:1039200041EC190B2846FCF78CFE41EC1A0B53ECCA
:10393000192BFCF707FF12D818EE100AFCF7D7FE78
:1039400041EC1A0B53EC1A2B9FEDB20B51EC100B00
:10395000FCF708FE41EC190BFCF791FE05462846E2
:10396000FCF76FFE41EC1A0B9FEDAC0B53EC102BE8
:10397000FCF786FD41EC190BFCF7FCFEA949086039
:10398000022C01DD022402E0002C00DA0024012CCC
:1039900037D1A448D0ED000AB0EE001A81EE200A1B
:1039A00030EE080AA04880ED000A9FEDA00AA0486A
:1039B00080ED320A9C4890ED000AC8EE000A9C484F
:1039C000C0ED310A90ED310A80ED300A9FED970A83
:1039D00080ED350A9348D0ED000AB0EE001A81EE72
:1039E000200A30EE480A9048D0ED000A80EE201AF6
:1039F0008F4880ED341AB7EE000A80ED330AC5E037
:103A0000C7E0884890ED000A20EE000A20EE080A80
:103A100020EE080A10EE101A0846FCF768FE41EC8A
:103A20001A0B18EE100AFCF762FE41EC1D0B7D48E4
:103A30000068FCF75CFE41EC1F0B9FED7E0B53EC26
:103A4000102BFCF71DFD41EC1E0B53EC1D2BFCF75E
:103A500017FD41EC1C0B9FED790B53EC102BFCF781
:103A600068FC41EC1B0B53EC1A2BFCF762FC41EC9D
:103A7000190BFCF77FFE734908606A4890ED000A55
:103A800020EE000A20EE080A20EE080A0846D0EDD3
:103A9000000A80EE201A664880ED321A90ED320A54
:103AA000F0EE000A20EE200A80ED310A90ED320A95
:103AB00080ED300A08460068FCF719FE41EC190B4E
:103AC000584890ED000A20EE000A20EE080A20EE89
:103AD000080A10EE101A0846FCF709FE41EC1B0B11
:103AE00018EE100AFCF703FECDE900014D4800680E
:103AF000FCF7FDFD41EC1E0B9FED4E0B53EC102B24
:103B0000FCF7BEFC41EC1D0B9DED000B53EC102BA4
:103B1000FCF7B6FC41EC1C0B53EC1B2BFCF7AAFC8E
:103B200041EC1A0B9FED450B53EC102BFCF7A2FC5C
:103B300053EC192BCDE902019DED020B51EC100B5A
:103B4000FCF710FD41EC1F0BFCF714FE3849C1F8DF
:103B5000D400344890ED000AF0EE000A20EE200A6E
:103B6000D0ED000A20EE200A60EE080AB2EE000A4C
:103B700000EEC80A3348D0ED000A80EE201A08464D
:103B800080ED341AB7EE000A80ED330A0120204997
:103B900008601CB92648C0ED038A32E0244890ED45
:103BA000010A80ED020A90ED000A80ED010AC0EDE5
:103BB000008A90ED040A80ED050A90ED030A80ED7D
:103BC000040A90ED340AD0ED040A20EE200AD0ED6C
:103BD000350A90ED051A00EE810AD0ED300A90ED1D
:103BE000001A00EE810AD0ED310A90ED011A00EEC4
:103BF000810AD0ED320A90ED021A00EE810A80EDC2
:103C0000030A0B4890ED030A05B0BDEC108B30BDE4
:103C100058160020000000000000D03F1F85EB5127
:103C2000B81E19405C16002060160020000000003D
:103C3000E846002039B4C876BE9F06400000000068
:103C4000000010406416002010B52DED108B86B0DA
:103C50000446F0EE408AB0EE608AB0EE41FAEE48DB
:103C6000006800287ED118EE100AFCF740FD41ECF8
:103C70001B0B53EC1B2B9FEDE90B51EC100BFCF7CE
:103C800071FC41EC190B18EE900AFCF730FD41EC89
:103C90001A0B53EC192BFCF755FD13D818EE100A2C
:103CA000FCF725FD41EC1A0B53EC1A2B9FEDDB0BB7
:103CB00051EC100BFCF756FC41EC190BFCF75AFDCC
:103CC00008EE900A18EE900AFCF711FD41EC1A0B71
:103CD0009FEDD40B53EC102BFCF7D2FB41EC190BEE
:103CE000FCF748FDD1490860032C01DD032402E004
:103CF000002C00DA0024012C38D1CC48D0ED000A89
:103D0000B0EE001A81EE200A30EE080AC84880EDB5
:103D1000000A9FEDC80AC84880ED380AC44890EDF3
:103D2000000AC8EE000AC448C0ED370A90ED370A11
:103D300080ED360A9FEDBF0A80ED3B0ABB48D0ED0F
:103D4000000AB0EE001A81EE200A30EE480AB848A8
:103D5000D0ED000A80EE201AB74880ED3A1AB7EE8F
:103D6000000A00E018E180ED390A12E1022C7DD151
:103D7000AE4890ED000A20EE000A20EE080A20EE80
:103D8000080A10EE101A0846FCF7B1FC41EC1A0BB9
:103D900018EE100AFCF7ABFC41EC1D0BA3480068C1
:103DA000FCF7A5FC9FEDA50B53EC102BCDE904010E
:103DB0009DED040B51EC100BFCF762FB41EC1E0B6C
:103DC00053EC1D2BFCF75CFB41EC1C0B9FED9D0B9A
:103DD00053EC102BFCF7ADFA41EC1B0B53EC1A2BF8
:103DE000FCF7A7FA41EC190BFCF7C4FC97490860F3
:103DF0008E4890ED000A20EE000A20EE080A20EE20
:103E0000080A0846D0ED000A80EE201A8A4880EDA4
:103E1000381A90ED380AF0EE000A20EE200A80ED04
:103E2000370A90ED380A80ED360A08460068FCF73C
:103E30005EFC41EC1E0B7D4890ED000A20EE000A6E
:103E400020EE080A20EE080A10EE101A0846FCF7C9
:103E50004EFCCDE9000118EE100AFCF748FC41ECDD
:103E60001B0B72480068FCF742FC00E050E041EC9C
:103E70001D0B9FED720B53EC102BFCF701FB41EC7B
:103E80001C0B53EC1B2BFCF7FBFA41EC1A0B9DEDC2
:103E9000000B53EC102BFCF7EDFA41EC190B9FEDE6
:103EA000690B53EC102BFCF7E5FA53EC1E2BCDE914
:103EB00002019DED020B51EC100BFCF753FBCDE919
:103EC00004019DED040B51EC100BFCF753FC5A4917
:103ED000C1F8EC00554890ED000AF0EE000A20EE23
:103EE000200AD0ED000A20EE200A60EE080AB2EEA9
:103EF000000A00EEC80A5548D0ED000A80EE201AEC
:103F0000084680ED3A1AB7EE000A80ED390A40E023
:103F10004648D0ED000AB0EE001A81EE200A30EEDD
:103F2000080A434880ED000A9FED420A424880EDAE
:103F3000380A3E48D0ED000AB8EE001A81EE200A99
:103F40003B48D0ED000A80EE201A3B4880ED371A3E
:103F500090ED370AFFEE000A20EE200A80ED360AC7
:103F60009FED340A80ED3B0A3048D0ED000AB0EEF8
:103F7000001A81EE200A30EE480A2D48D0ED000AE2
:103F800080EE201A2C4880ED3A1AB7EE000A80ED38
:103F9000390A0120204908601CB9274880ED09FA38
:103FA00032E0254890ED070A80ED080A90ED060AF8
:103FB00080ED070A80ED06FA90ED0A0A80ED0B0A03
:103FC00090ED090A80ED0A0A90ED3A0AD0ED0A0A4E
:103FD00020EE200AD0ED3B0A90ED0B1A00EE810A8C
:103FE000D0ED360A90ED061A00EE810AD0ED370AC0
:103FF00090ED071A00EE810AD0ED380A90ED081A0C
:1040000000EE810A80ED090A0B4890ED090A06B01E
:10401000BDEC108B10BD00006816002000000000F1
:104020000000D03F1F85EB51B81E19406C160020D0
:104030007016002000000000E846002039B4C87661
:10404000BE9F0640000000000000104074160020D3
:1040500010B52DED0A8BF0EE408AB0EE608AB0EE1E
:10406000419A5D48006800287DD118EE100AFCF7DF
:104070003EFB41EC1C0B53EC1C2B9FED580B51EC01
:10408000100BFCF76FFA41EC1A0B18EE900AFCF7D4
:104090002EFB41EC1B0B53EC1A2BFCF753FB13D8F4
:1040A00018EE100AFCF723FB41EC1B0B53EC1B2B07
:1040B0009FED4A0B51EC100BFCF754FA41EC1A0B34
:1040C000FCF758FB08EE900A18EE900AFCF70FFB7D
:1040D00041EC1B0B9FED430B53EC102BFCF7D0F97D
:1040E00041EC1A0BFCF746FB404908600846D0ED4E
:1040F000000AB0EE001A81EE200A30EE080A3C48B1
:1041000080ED000A0068FCF7F2FA41EC1B0B53EC5F
:104110001B2B9FED380B51EC100BFCF723FA41ECF5
:104120001A0BFCF727FB3549C1F84C01084690ED06
:10413000530A10EE101A0846FCF7D9FA41EC1B0B93
:104140009FED2F0B53EC102BFCF79AF941EC1A0B57
:10415000FCF710FB2949C1F848012448D0ED000ABA
:10416000B0EE001A00E012E081EE200A30EE480ABC
:104170001F48D0ED000A80EE201A084680ED551A3F
:10418000B7EE000A80ED540A0120134908601B486D
:1041900090ED220A80ED230A80ED229A90ED240A08
:1041A00080ED250A90ED550AD0ED250A20EE200A73
:1041B000D0ED520A90ED221A00EE810AD0ED530A9A
:1041C00090ED231A00EE810A80ED240A90ED240A76
:1041D000BDEC0A8B10BD0000C016002000000000DE
:1041E0000000D03F1F85EB51B81E1940C4160020B7
:1041F000C816002000000000000000C0E8460020B3
:10420000000000000000F0BF38B50246002000901A
:1042100000BF92F83C00012801D1022038BD0120E6
:1042200082F83C0000BF0868092816D91068C068E9
:104230000C780A3C04EB44050724AC40A043146806
:10424000E0600C780A3C04EB44048868A0401468E1
:10425000E46820431468E06013E0106800690C789B
:1042600004EB44050724AC40A043146820610C789B
:1042700004EB44048868A04014682469204314684F
:1042800020614868072817D21068406B0C79641EBB
:1042900004EB84051F24AC40A043146860630888C5
:1042A00080B20C79641E04EB8404A0401468646B33
:1042B00020431468606331E048680D2817D2106805
:1042C000006B0C79E41F04EB84051F24AC40A04371
:1042D00014682063088880B20C79E41F04EB84041E
:1042E000A0401468246B20431468206316E0106813
:1042F000C06A0C790D3C04EB84051F24AC40A0433C
:104300001468E062088880B20C790D3C04EB8404E8
:10431000A0401468E46A20431468E062194B1A4C08
:104320001068A04206D10868122803D1586840F4EA
:1043300080005860144C1068A0421CD108681028F6
:1043400002D00868112816D1586840F4000058605F
:10435000086810280FD10D4800680D4CB0FBF4F030
:1043600000EB80004000009002E00098401E0090AA
:1043700000980028F9D100BF002082F83C0000BF5F
:1043800000BF4BE70023014000200140FC0000205B
:1043900040420F00704770477047000070B50446F8
:1043A00000250CB9012070BD1549A06A884200D0D3
:1043B00000BF206C30B9204600F024F80020606473
:1043C00084F83C00206C00F0100088B9206C20F4C8
:1043D000885040F0020020642046FCF7A1FE002037
:1043E0006064206C20F0020040F00100206400E0D6
:1043F000012500BF002084F83C0000BF2846D2E71A
:104400000100000F10B586B00446142101A8FBF787
:1044100021FF28492068884249D100BF0020009030
:104420002548006840F48070234908600846006809
:1044300000F48070009000BF00BF00BF002000901B
:104440001D481438006840F001001B491439086009
:104450000846006800F00100009000BF00BF022085
:104460000190032002900020039001A9134800F05E
:1044700097FB134813490860002048600021114849
:104480008160C1604FF48061016149004161890030
:1044900081610021C1610162416200F0C1FA08B18D
:1044A000FDF730FE00BF0748A063846300BF06B07D
:1044B00010BD0000002001404438024000000240CE
:1044C00010640240701B00202DE9F84304460D469D
:1044D000164600200090804600BF94F83C0001285A
:1044E00002D10220BDE8F883012084F83C0000BF1F
:1044F0002068806800F00100A0B92068806840F062
:10450000010021688860564800685649B0FBF1F008
:1045100000EB4000009002E00098401E00900098E0
:104520000028F9D12068806800F48070B0F5807FA1
:1045300005D12068806820F4807021688860206838
:10454000806800F0010000287FD0206C40F20161FB
:10455000884340F4807020642068406800F48060E4
:1045600028B1206C20F4005040F480502064206C6E
:1045700000F48050B0F5805F04D1606C20F006003C
:10458000606401E00020606400BF002084F83C000B
:1045900000BF354F3548A16BC8633548A16B08642F
:1045A0003448A16BC8646FF022002168086020685D
:1045B000406840F08060216848602068806840F46E
:1045C000807021688860226802F14C0133462A46D7
:1045D000A06B00F09BFA8046786800F01F0018BBC3
:1045E00025492068884213D024492068884204D194
:1045F000381D006800F01F0050B121492068884232
:104600002BD11948001D006800F01F00102824D28B
:104610002068806800F04050F8B92068806840F059
:1046200080402168886018E013492068884214D1CE
:104630002068806800F0405078B92068806840F0B9
:1046400080402168886008E0FFE7206C40F010009F
:104650002064606C40F001006064404642E7000066
:10466000FC00002040420F00002301405B100008C6
:10467000F3100008D910000800200140002101407B
:104680000022014070B50446002500BF94F83C00AC
:10469000012801D1022070BD012084F83C0000BF38
:1046A0002068806820F001002168886020688068A8
:1046B00000F00100F8B92068806820F4807021685B
:1046C0008860A06B90F83500022808D1A06B00F03C
:1046D00019F805461DB1206C40F0400020642068A8
:1046E000406820F0806021684860206C20F4885089
:1046F00040F00100206400BF002084F83C0000BFAF
:104700002846C8E770B50446A56D00F05BFB064679
:1047100094F83500022808D08020606500BF002092
:1047200084F8340000BF012070BD2068006820F0CC
:104730001600216808602068406920F08000216828
:104740004861206C08B9A06C28B12068006820F08E
:104750000800216808602068006820F001002168D6
:10476000086010E000F02EFB801B05280BD92020EC
:104770006065032084F8350000BF002084F8340011
:1047800000BF0320D0E72068006800F00100002887
:10479000E8D194F85C103F208840A860012084F89C
:1047A000350000BF002084F8340000BF00BFBBE725
:1047B000014691F83500022803D080204865012089
:1047C0007047052081F835000868006820F0010076
:1047D0000A6810600020F3E70146486D704700004A
:1047E000F8B50446002000908C4800684FF416513C
:1047F000B0FBF1F7A56D2E6894F85C100820884096
:10480000304098B12068006800F0040070B1206862
:10481000006820F004002168086094F85C1008200B
:104820008840A860606D40F00100606594F85C10FD
:1048300001208840304068B12068406900F0800065
:1048400040B194F85C1001208840A860606D40F091
:104850000200606594F85C1004208840304068B124
:104860002068006800F0020040B194F85C10042059
:104870008840A860606D40F00400606594F85C10AA
:1048800010208840304078B32068006800F00800AD
:1048900050B394F85C1010208840A860206800682D
:1048A00000F4802080B12068006800F4002028B95E
:1048B000206CC8B12046216C884715E0A06C98B1E7
:1048C0002046A16C88470FE02068006800F48070E3
:1048D00028B92068006820F0080021680860206C72
:1048E00010B12046216C884794F85C102020884045
:1048F0003040002865D02068006800F010000028D3
:104900005FD094F85C1020208840A86094F83500AF
:10491000052828D12068006820F01600216808606A
:104920002068406920F0800021684861206C08B947
:10493000A06C28B12068006820F008002168086099
:1049400094F85C103F208840A860012084F835006E
:1049500000BF002084F8340000BF206D10B1204655
:10496000216D8847F8BD2068006800F4802080B180
:104970002068006800F4002028B9606C10B120465F
:10498000616C88471DE0E06BD8B12046E16B884739
:1049900017E02068006800F4807068B9206800683B
:1049A00020F0100021680860012084F8350000BF65
:1049B000002084F8340000BFE06B10B12046E16BAA
:1049C0008847606D38B3606D00F00100F0B10520DC
:1049D00084F835002068006820F001002168086034
:1049E00000BF0098401C0090B84200D905E0206844
:1049F000006800F001000028F3D100BF012084F816
:104A0000350000BF002084F8340000BFE06C10B116
:104A10002046E16C884700BFA4E70000FC000020AE
:104A20002DE9F0410446002500F0CCF9074614B901
:104A30000120BDE8F081606A00B100BF022084F867
:104A4000350000BF002084F8340000BF20680068F3
:104A500020F00100216808600AE000F0B3F9C01BF3
:104A6000052805D920206065032084F83500E0E79B
:104A70002068006800F001000028EED12068056879
:104A800021480540D4E901010843E1680843216950
:104A9000084361690843A1690843E1690843216A41
:104AA00008430543606A042803D1D4E90B01084395
:104AB0000543206805602068456925F00705606AA0
:104AC0000543606A04280DD1A06A0543E06A48B135
:104AD0002046FDF7ABFA28B140206065012084F83C
:104AE0003500A6E7206845612046FDF785FA0646B1
:104AF00094F85C103F208840B06000206065012081
:104B000084F83500002094E73F8010F02DE9F0474D
:104B100004460D4616461F464FF00008D4F858903C
:104B200000BF94F83400012802D10220BDE8F087CC
:104B3000012084F8340000BF94F83500012825D105
:104B4000022084F83500002060653B463246294645
:104B50002046FDF7C0FA94F85C103F208840C9F861
:104B600008002068006840F0160021680860206C8A
:104B700028B12068006840F00800216808602068BB
:104B8000006840F001002168086006E000BF0020D6
:104B900084F8340000BF4FF002084046C6E700002A
:104BA000F8B502460B460025002400200021D6E07F
:104BB000012606FA01F51E6806EA0504AC4274D126
:104BC0001E7906F00306012E04D01E7906F00306B6
:104BD000022E13D190684F000326BE40B0434F0011
:104BE000DE68BE4030439060506801268E40B0437E
:104BF0001E79C6F300168E40304350601E7906F0D1
:104C00000306032E09D0D0684F000326BE40B043F0
:104C10004F009E68BE403043D0601E7906F0030608
:104C2000022E13D1CF0802F1200656F827004E07B6
:104C3000F70E0F26BE40B0434F07FF0E1E69BE4061
:104C40003043CF0802F1200646F8270010684F00D5
:104C50000326BE40B0431E7906F003064F00BE4057
:104C6000304310605E6806F44036002E76D000BFF8
:104C7000002600963C4E366846F480463A4F3E6029
:104C80003E46366806F48046009600BF00BF374EA9
:104C90008F0856F827008E07370F0F26BE40B04307
:104CA000334EB24202D1002624E057E0314EB242E8
:104CB00001D101261EE0304EB24201D1022619E098
:104CC0002E4EB24201D1032614E02D4EB24201D144
:104CD00004260FE02B4EB24201D105260AE02A4EEF
:104CE000B24201D1062605E0284EB24201D1072684
:104CF00000E008268F073F0FBE4030431B4E8F0851
:104D000046F82700224E3068A0435E6806F48016FD
:104D100006B120431E4E3060361D3068A0435E68E9
:104D200006F4001606B12043194E361D3060184EA9
:104D3000361F3068A0435E6806F4003606B1204393
:104D4000134E361F3060361F3068A0435E6806F48D
:104D5000803606B120430E4E083E3060491C1029B3
:104D6000FFF426AFF8BD0000443802400838014087
:104D7000000002400004024000080240000C024013
:104D8000001002400014024000180240001C0240C3
:104D9000083C0140024613690B400BB1012000E0C2
:104DA0000020704710B5426921EA020302EA0104BB
:104DB00043EA0443836110BD0AB1816101E00B0441
:104DC000836170470148006870470000F0000020D0
:104DD000034800680349097808440149086070479E
:104DE000F0000020F800002010B50D48006840F4E5
:104DF00000700B4908600846006840F48060086055
:104E00000846006840F480700860032000F0A6F8AF
:104E10000F2000F007F800F02BF8002010BD000074
:104E2000003C024070B504460E4800784FF47A7199
:104E3000B1FBF0F00C490968B1FBF0F5284600F031
:104E400035FF08B1012070BD102C07D20022214689
:104E5000501E00F045F80548046001E00120F2E72B
:104E60000020F0E7F8000020FC000020F400002003
:104E700008B500BF002000900E48006840F4804054
:104E80000C4908600846006800F48040009000BFAC
:104E900000BF00BF00200090081F006840F0805055
:104EA000091F08600846006800F08050009000BFAD
:104EB00000BF08BD443802400146084600280DDB0B
:104EC00000BF00BF00F01F0301229A4043099B006E
:104ED00003F1E023C3F8002100BF00BF00BF70470B
:104EE0002DE9F05F80460D461646002705F02CF8A8
:104EF000074639462A46334601F00700C0F1070A43
:104F0000BAF1040F02D94FF0040A01E0C0F1070A18
:104F1000D14600F1040ABAF1070F02D24FF0000A9D
:104F200001E0A0F1030AD4464FF0010A0AFA09FA97
:104F3000AAF1010A0AEA020A0AFA0CFA4FF0010B76
:104F40000BFA0CFBABF1010B0BEA030B4AEA0B0467
:104F50002146404605F000F8BDE8F09F00BF00F094
:104F60000702064B19684FF6FF031940044B0B4329
:104F700043EA0221014B196000BF70470CED00E0CD
:104F80000000FA057047000070B504460D460CB9E4
:104F9000012070BD5848006800F00700A84209D2FF
:104FA00055490D700846006800F00700A84201D07E
:104FB0000120EEE7207800F0020002281DD12078C1
:104FC00000F00400042805D14C48006840F4E0508B
:104FD0004A490860207800F00800082805D14748B1
:104FE000006840F46040454908604448006820F08B
:104FF000F000A168084341490860207800F00100F2
:10500000A8B36068012807D13C4808380068C0F39D
:105010004040B8B90120BCE76068022802D060684F
:10502000032807D1354808380068C0F3406048B904
:105030000120AEE7314808380068C0F3400008B9E5
:105040000120A6E72D48006820F0030061680843AE
:105050002A490860FFF7B6FE064609E0FFF7B2FEF0
:10506000801B41F28831884202D9032091E707E092
:105070002248006800F00C006168B0EB810FEDD1B0
:105080001D48006800F00700A84209D91A490D70B0
:105090000846006800F00700A84201D0012078E728
:1050A000207800F00400042807D11448006820F498
:1050B000E050E168084311490860207800F00800DA
:1050C000082808D10D48006820F46040216940EAB2
:1050D000C1000A49086000F045F808490968C1F3B1
:1050E0000311074A515CC840064908600648006839
:1050F000FFF798FE00204CE7003C024008380240D1
:10510000BC5B0108FC000020F400002001200149E4
:10511000C8647047000047420148006870470000BB
:10512000FC00002000B5FFF7F7FF04490968C1F350
:105130008221034A515CC84000BD0000083802408B
:10514000CC5B010800B5FFF7E7FF04490968C1F32C
:105150004231034A515CC84000BD0000083802409B
:10516000CC5B01082DE9F047002400250026A1466C
:105170002548006800F00C0020B1042805D008285C
:105180003AD105E0DFF8849039E0DFF8849036E02A
:105190001D48001F006800F03F041B48001F006806
:1051A00000F4800078B11A481749091F0968C1F353
:1051B0008811A0FB01700146224600233846FAF709
:1051C000FFFF05460EE011480F49091F0968C1F3AA
:1051D0008811A0FB01700146224600233846FAF7E9
:1051E000EFFF05460848001F0068C0F30140401C5F
:1051F0004600B5FBF6F902E0DFF8109000BF00BFF3
:105200004846BDE8F0870000083802400024F4005A
:105210000050C30010B50648006800F080008028E8
:1052200005D1FFF7AFFE80200149891C087010BD31
:105230000C380240F8B504460CB90120F8BD2078BE
:1052400000F00100002874D0F948006800F00C005C
:1052500004280DD0F648006800F00C00082813D18F
:10526000F348001F006800F48000B0F5800F0BD1F8
:10527000EF4808380068C0F34040002859D0606803
:10528000002856D10120D9E700BF6068B0F5803F03
:1052900008D1E7480838006840F48030E44908390C
:1052A00008601EE06068B0F5A02F0DD1E048083816
:1052B000006840F48020DE4908390860084600682C
:1052C00040F4803008600CE0D9480838006820F4C9
:1052D0008030D749083908600846006820F48020EB
:1052E000086000BF606890B1FFF76CFD054606E0FE
:1052F000FFF768FD401B642801D903209EE7CC48D6
:1053000008380068C0F340400028F1D011E0FFF7F2
:1053100059FD054606E0FFF755FD401B642801D9FD
:1053200003208BE7C24808380068C0F340400028DB
:10533000F1D1207800F0020002285FD1BC4800685B
:1053400000F00C0058B1BA48006800F00C000828C2
:105350001CD1B748001F006800F48000B0B9B44801
:1053600008380068C0F3400020B1E068012801D08F
:10537000012063E7AE480838006820F0F800216992
:1053800040EAC100AA490839086037E0E06800B384
:105390000120A8490860FFF715FD054606E0FFF764
:1053A00011FD401B022801D9032047E7A048083817
:1053B0000068C0F340000028F1D09D48083800681C
:1053C00020F0F800216940EAC100994908390860D5
:1053D00014E0002097490860FFF7F4FC054606E05A
:1053E000FFF7F0FC401B022801D9032026E7904874
:1053F00008380068C0F340000028F1D1207800F0A0
:10540000080008282CD16069A8B101208A490860E9
:10541000FFF7D8FC054606E0FFF7D4FC401B022846
:1054200001D903200AE782486C300068C0F34000CD
:105430000028F1D014E000207F490860FFF7C2FC8B
:10544000054606E0FFF7BEFC401B022801D90320F9
:10545000F4E677486C300068C0F340000028F1D1D2
:10546000207800F00400042870D1002770483830FC
:10547000006800F0805090B900BF002000906C4898
:105480003830006840F0805069493831086008467B
:10549000006800F08050009000BF00BF01276748FF
:1054A000006800F48070B0B96448006840F480700F
:1054B00062490860FFF786FC054606E0FFF782FCBC
:1054C000401B022801D90320B8E65C48006800F4BC
:1054D00080700028F2D000BFA068012808D154488D
:1054E0006830006840F001005149683108601DE0F3
:1054F000A06805280DD14E486830006840F00400CF
:105500004B49683108600846006840F001000860B7
:105510000CE047486830006820F0010044496831D9
:1055200008600846006820F00400086000BFA0681A
:10553000A8B1FFF747FC054609E0FFF743FC401B15
:1055400041F28831884202D9032077E626E03848C4
:1055500068300068C0F340000028EED013E0FFF789
:1055600031FC054608E0FFF72DFC401B41F2883175
:10557000884201D9032061E62D4868300068C0F3F5
:1055800040000028EFD1012F07D1294838300068AA
:1055900020F0805026493831086000BFA0690028FB
:1055A00045D02348006800F00C0008285DD0A069B1
:1055B000022845D100201F490866FFF703FC054675
:1055C00006E0FFF7FFFB401B022801D9032035E668
:1055D000174808380068C0F340600028F1D1D4E9CA
:1055E00007010843616A40EA81110122A06AC2EB07
:1055F000500041EA00412C20005D41EA00600C4966
:10560000091F086001200B490866FFF7DBFB054610
:1056100006E0FFF7D7FB401B022801D903200DE667
:10562000034808380068C0F340600028F1D049E022
:105630000838024000004742800E47420070004098
:10564000002021490866FFF7BDFB054606E0FFF78D
:10565000B9FB401B022801D90320EFE51B48006875
:10566000C0F340600028F2D12CE0A069012800D1ED
:10567000E4E51648001D0668A069012820D006F45C
:105680008001E06981421BD106F03F01206A81421E
:1056900016D147F6C0703040616AB0EB811F0FD160
:1056A00006F440310122A06AC2EB5000B1EB004F7A
:1056B00006D106F070612C20005DB1EB006F01D0C7
:1056C0000120BBE50020B9E5000047420038024058
:1056D00070470000F8B50446206846682068856871
:1056E000C5F3801048B905F0010030B1C6F3801051
:1056F00018B12046216C8847F8BDC5F3400030B191
:10570000C6F3C01018B12046616C8847F4E7C5F3B2
:10571000401030B9C5F3801018B9C5F30020002837
:105720007CD0C6F3401000287DD0C5F38010F0B1C6
:1057300094F8510003280ED0606D40F004006065BD
:1057400000BF002000902068C0680090206880683A
:10575000009000BF0BE000BF002000902068C068F0
:10576000009020688068009000BF00BFC4E7C5F3C8
:10577000401088B1606D40F00100606500BF0020FE
:1057800000902068806800902068006820F0400049
:105790002168086000BF00BFC5F3002058B1606DEC
:1057A00040F00800606500BF00200090206880681D
:1057B000009000BF00BF606D78B32068406820F0A3
:1057C000E00021684860012084F8510006F00200E2
:1057D000022802D006F0010008B32068406820F0DB
:1057E000030021684860E06C50B11048E16C086526
:1057F000E06CFEF7DDFF18B1606D40F040006065C1
:10580000A06C50B10948A16C0865A06CFEF7D0FFF0
:1058100018B1606D40F04000606503E003E0204691
:10582000FFF756FF68E700BF66E70000B98200088F
:1058300010B504460CB9012010BD606A38B9606823
:10584000B0F5827F00D105E00021E16102E0002196
:10585000216161610021A16294F8510028B9002002
:1058600084F85000204600F047F8022084F85100E8
:105870002068006820F0400021680860A08800F4DB
:105880008270218901F404410843A18901F4006177
:105890000843217C01F002010843217D01F0010150
:1058A0000843218B01F400710843217F01F0380186
:1058B00008432021095D01F080010843218D01F496
:1058C00000510843216808600421A06901EA1040E2
:1058D00094F8241001F01001084321684860206802
:1058E000C06920F400602168C86100206065012063
:1058F00084F8510000209FE710B586B004461421BB
:1059000001A8FAF7A7FC3D492068884273D100BF7F
:10591000002000903A48006840F480503849086000
:105920000846006800F48050009000BF00BF00BF30
:105930000020009032481438006840F001003049DF
:10594000143908600846006800F00100009000BFAC
:1059500000BFE0200190022002900020039003206D
:1059600004900520059001A92648FFF719F926485B
:10597000264908604FF0C0604860002123488160DC
:10598000C1604FF480610161002141618161C161A9
:1059900001624162FFF744F808B1FCF7B3FB00BFB6
:1059A0001A48E064846300BF17481830184908603B
:1059B0004FF0C06048604021154881600021C160FF
:1059C0004FF480610161002141618161C161016227
:1059D0004162FFF725F808B1FCF794FB00BF0C48C3
:1059E000A064846300BF002211462320FFF778FAE9
:1059F0002320FFF761FA06B010BD0000003001401F
:105A0000443802400000024040640240281C00204C
:105A1000881C00202DE9F04104460E46154694F8F6
:105A20005100012802D00220BDE8F08106B10DB975
:105A30000120F9E7A06868B96068B0F5827F09D1F4
:105A4000042084F851002B4632463146204600F0AF
:105A500079F8E9E700BF94F85000012801D102204D
:105A6000E2E7012084F8500000BF042084F85100D0
:105A700000206065A663A587E58720646064A08632
:105A8000E086A068B0F5004F0BD12068006820F0D8
:105A90004000216808602068006820F48040216888
:105AA00008601F48E16C08641E48E16CC8631E482A
:105AB000E16CC8640020E16C0865E38F276807F19A
:105AC0000C01A26BE06CFFF721F850B1606D40F063
:105AD0001000606500BF002084F8500000BF012066
:105AE000A2E72068006800F04000402805D0206848
:105AF000006840F040002168086000BF002084F882
:105B0000500000BF2068406840F0200021684860D5
:105B10002068406840F0010021684860002083E769
:105B2000F582000811830008CD82000800B5024606
:105B30000248824201D1FBF7EFFE00BDD01B0020DE
:105B4000704700002DE9F04704460E4617461D46F3
:105B500094F85180D4F80490B8F1010F0AD0B9F547
:105B6000827F04D1A06810B9B8F1040F02D00220DE
:105B7000BDE8F0870EB107B10DB90120F8E700BF0D
:105B800094F85000012801D10220F1E7012084F8A7
:105B9000500000BF94F85100042802D0052084F87A
:105BA0005100002060652663A586E586A763A5876A
:105BB000E5872064606494F85100042806D13548D4
:105BC000E16C08643448E16CC86305E03348E16C7B
:105BD00008643348E16CC8633248E16CC864002053
:105BE000E16C0865E38FD4F800C00CF10C01A26BE6
:105BF000E06CFEF78BFF50B1606D40F01000606507
:105C000000BF002084F8500000BF0120B0E72068EA
:105C1000406840F00100216848600020A16C0864E1
:105C2000A16CC863A16CC864A16C0865E38ED4F84C
:105C300000C00CF10C02216BA06CFEF767FF50B1A5
:105C4000606D40F01000606500BF002084F85000D7
:105C500000BF01208CE72068006800F04000402869
:105C600005D02068006840F040002168086000BF4F
:105C7000002084F8500000BF2068406840F02000F9
:105C8000216848602068406840F002002168486050
:105C900000206DE7F58200081183000803830008E7
:105CA0008D830008CD8200087047704770B50446A8
:105CB0002546681EB0F1807F01D301200FE0681EE9
:105CC0004FF0E02148610F214FF0FF3004F044F91C
:105CD00000204FF0E021886107200861002070BD9E
:105CE0007047704730B502460B4600BF92F83C0043
:105CF000012801D1022030BD012082F83C0000BF04
:105D0000022082F83D00106844681068816824F021
:105D100070041868044310684460184D1068A84265
:105D20001BD01068B0F1804F17D0154D1068A842F5
:105D300013D0144D1068A8420FD0134D1068A8421C
:105D40000BD0124D1068A84207D0114D1068A84220
:105D500003D0104D1068A84205D121F08001586889
:105D6000014310688160012082F83D0000BF0020DF
:105D700082F83C0000BF00BFBDE70000000001400A
:105D80000004004000080040000C004000040140F6
:105D9000004001400018004010B504460CB9012035
:105DA00010BD94F83D0028B9002084F83C0020463E
:105DB00000F026F8022084F83D00211D206803F041
:105DC000C5F8012084F8460000BF84F83E00012198
:105DD0003F200155402001554120015500BF00BF23
:105DE000012084F8420043200155442001554520FC
:105DF000015500BF012084F83D000020D0E70000DD
:105E000038B504461849206888420FD100BF0020E9
:105E100000901648006840F00200144908600846E7
:105E2000006800F00200009000BF1BE010492068ED
:105E3000884217D100BF002000900C48006840F055
:105E400010000A4908600846006800F01000009041
:105E500000BF00BF002211463620FFF741F8362070
:105E6000FFF72AF838BD0000000400404038024027
:105E700000100040014691F83D00012801D00120AA
:105E80007047022081F83D000868C06840F00100BA
:105E90000B68D8601A4B086898421BD00868B0F1AC
:105EA000804F17D0174B0868984213D0164B0868DC
:105EB00098420FD0154B086898420BD0144B0868D5
:105EC000984207D0134B0868984203D0124B0868D9
:105ED00098420CD10868806800F00702062A0CD0AE
:105EE0000868006840F001000B68186005E0086869
:105EF000006840F001000B6818600020C0E7000057
:105F0000000001400004004000080040000C004078
:105F10000004014000400140001800402DE9F0411C
:105F200004460D46002700BF94F83C00012802D12A
:105F30000220BDE8F081012084F83C0000BF02206F
:105F400084F83D002068866826F0770626F47F46B0
:105F5000206886602868502833D00CDC202850D078
:105F600004DC00284BD0102851D149E0302849D01A
:105F700040284CD139E060282DD0702807D0B0F5EA
:105F8000805F03D0B0F5005F41D10DE041E0D5E97D
:105F900002136A68206803F05AF82068866846F0A1
:105FA00077062068866034E0D5E902136A682068C5
:105FB00003F04DF82068806840F4804021688860D4
:105FC00027E0EA686968206803F032F95021206808
:105FD00003F048F81DE0EA686968206803F03BF9BF
:105FE0006021206803F03EF813E0EA6869682068E1
:105FF00003F01EF94021206803F034F809E000BFE7
:1060000000BF00BF2968206803F02CF801E00127D9
:1060100000BF00BF012084F83D0000BF002084F8CD
:106020003C0000BF384684E7704770B504462068DE
:10603000C5682068066906F00200022819D105F03B
:106040000200022815D1401F216808610120207735
:106050002068806900F0030018B12046FFF7E4FFD4
:1060600005E0204600F0C8F8204600F07CF900204A
:10607000207706F00400042819D105F00400042854
:1060800015D1C0432168086102202077206880690B
:1060900000F4407018B12046FFF7C6FF05E0204627
:1060A00000F0AAF8204600F05EF90020207706F004
:1060B0000800082819D105F00800082815D1C043A8
:1060C00021680861042020772068C06900F003007F
:1060D00018B12046FFF7A8FF05E0204600F08CF835
:1060E000204600F040F90020207706F0100010282C
:1060F00019D105F01000102815D1C043216808619E
:10610000082020772068C06900F4407018B120464C
:10611000FFF78AFF05E0204600F06EF8204600F009
:1061200022F90020207706F0010048B105F00100B7
:1061300030B16FF0010021680861204600F09AF943
:1061400006F08000802809D105F08000802805D164
:10615000C043216808612046FFF7C2FD06F04000F9
:10616000402809D105F04000402805D1C0432168EE
:106170000861204600F0A2F906F02000202809D18D
:1061800005F02000202805D1C04321680861204681
:10619000FFF7A7FD70BD000010B586B004461421BE
:1061A00001A8FAF757F81149206888421CD100BFAE
:1061B000002000900E48006840F002000C49086082
:1061C0000846006800F00200009000BF00BF1020E9
:1061D000019002200290002003900490022005907C
:1061E00001A90448FEF7DCFC06B010BD0004004025
:1061F000303802400004024070472DE9F041044667
:106200000D461646002700BF94F83C00012802D135
:106210000220BDE8F081012084F83C0000BF36B1C7
:10622000042E1BD0082E31D00C2E5ED145E029461D
:10623000206802F021FF2068806940F00800216892
:1062400088612068806920F00400216888612068E6
:106250008069296908432168886148E029462068E7
:1062600002F042FF2068806940F400602168886184
:106270002068806920F480602168886120688069D6
:10628000296940EA01202168886130E029462068B8
:1062900002F068FF2068C06940F008002168C8610A
:1062A0002068C06920F004002168C8612068C069C6
:1062B000296908432168C86119E02946206802F06D
:1062C0008DFF2068C06940F400602168C8612068C3
:1062D000C06920F480602168C8612068C0692969AC
:1062E00040EA01202168C86101E0012700BF00BF2A
:1062F00000BF002084F83C0000BF384689E710B595
:1063000004460CB9012010BD94F83D0028B90020C6
:1063100084F83C00204600F025F8022084F83D0077
:10632000211D206802F012FE012084F8460000BF03
:1063300084F83E0001213F200155402001554120B5
:10634000015500BF00BF012084F8420043200155E1
:10635000442001554520015500BF012084F83D002F
:106360000020D0E77047704770B504460D4615B958
:1063700094F83E000BE0042D02D13F20005D06E0C2
:10638000082D02D14020005D01E04120005D012880
:1063900001D0012070BD1DB9022084F83E000EE03E
:1063A000042D03D102213F20015508E0082D03D11F
:1063B00002214020015502E0022141200155012225
:1063C0002946206802F032FE23492068884203D023
:1063D00022492068884201D1012000E0002028B134
:1063E0002068406C40F40040216848641A492068E5
:1063F00088421BD02068B0F1804F17D01849206820
:10640000884213D01749206888420FD01649206867
:1064100088420BD011492068884207D01349206870
:10642000884203D01249206888420CD120688068D5
:1064300000F00706062E0CD02068006840F001002E
:106440002168086005E02068006840F001002168CC
:10645000086000209EE700000000014000040140A9
:106460000004004000080040000C004000400140D3
:10647000001800400C49884214D10C490978491C85
:106480000A4A11700A49097861B90A490968491C20
:10649000084A116011460968074A914202D3012156
:1064A000034A117070470000301D002006000020D4
:1064B0000C00002008000020C0D401007047704785
:1064C00010B5044600BF00BF21680C3151E8001F21
:1064D00021F4907021680C3141E80002002AF3D1C8
:1064E00000BF00BF00BF2168143151E8001F21F038
:1064F00001002168143141E80002002AF3D100BFF5
:10650000206B01280ED100BF00BF21680C3151E87B
:10651000001F21F0100021680C3141E80002002A20
:10652000F3D100BF2068406900F04000402820D12E
:1065300000BF00BF2168143151E8001F21F0400066
:106540002168143141E80002002AF3D100BFE06B5A
:1065500078B10020E16B0865E06BFEF7D3F840B13D
:10656000E06BFEF739F9202803D110206064032086
:1065700010BD0020E085202084F842000020206328
:1065800000BFF5E7704700002DE9F84F044620688A
:1065900005682068C668206847694FF00009CA4648
:1065A00005F00F09B9F1000F0AD105F0200038B14C
:1065B00006F0200020B1204603F08FF9BDE8F88FE7
:1065C000B9F1000F7CD007F0010018B906F4907003
:1065D000002875D005F0010030B106F4807018B1C4
:1065E000606C40F00100606405F0040030B107F019
:1065F000010018B1606C40F00200606405F0020018
:1066000030B107F0010018B1606C40F00400606424
:1066100005F0080048B106F0200010B907F00100AD
:1066200018B1606C40F008006064606C002846D0CF
:1066300005F0200028B106F0200010B1204603F03C
:106640004CF920684069C0F3801A606C00F00800C3
:1066500010B9BAF1000F2DD0204603F0E5F82068FC
:10666000406900F04000402820D100BF00BF2168F1
:10667000143151E8001F21F040002168143141E835
:106680000002002AF3D100BFE06B50B17F48E16BFC
:106690000865E06BFEF78CF888B1E06B016D884708
:1066A0000DE02046FFF76EFF09E009E02046FFF706
:1066B00069FF04E02046FFF765FF002060647DE786
:1066C000206B012878D105F01000002874D006F066
:1066D00010000028FAD000BF002000902068006859
:1066E000009020684068009000BF00BF20684069AB
:1066F00000F04000402870D1E06B006840681FFA4D
:1067000080F8B8F1000F58D0A08D404555DDA4F8B1
:106710002E80E06BC069B0F5807F43D000BF00BF22
:1067200021680C3151E8001F21F4807021680C3180
:1067300041E80002002AF3D100BF00BF00BF21687A
:10674000143151E8001F21F001002168143141E8A3
:106750000002002AF3D100BF00BF00BF216814313E
:1067600051E8001F21F040002168143141E8000287
:10677000002AF3D100BF202084F8420000202063CB
:1067800000BF00BF21680C3151E8001F21F010004C
:1067900021680C3141E80002002AF3D100BFE06B10
:1067A000FDF7B0FF02206063A08DE28D801A81B2F8
:1067B0002046FFF784FE0EE052E0A08D40450AD14E
:1067C000E06BC069B0F5807F05D102206063A18DC8
:1067D0002046FFF774FEF1E6FFE7A08DE18D401A39
:1067E0001FFA80F8E08DD0B3B8F1000F37D000BFAA
:1067F00000BF21680C3151E8001F21F4907021681E
:106800000C3141E80002002AF3D100BF00BF00BFF5
:106810002168143151E8001F21F001002168143172
:1068200041E80002002AF3D100BF202084F8420092
:106830000020206300BF00BF21680C3151E8001F19
:1068400021F0100021680C3141E80002002AF3D148
:1068500000BF0220606341462046FFF730FEADE6F0
:1068600005F0800030B106F0800018B1204603F03A
:1068700035FAA3E605F0400030B106F0400018B14B
:10688000204603F007F899E600BF97E689960008CE
:1068900010B504460CB9012010BDA06900B100E09C
:1068A00000BF94F8410028B9002084F84000204639
:1068B00000F02AF8242084F841002068C06820F401
:1068C00000502168C860204603F086F820680069FF
:1068D00020F49040216808612068406920F02A0077
:1068E000216848612068C06840F400502168C86091
:1068F00000206064202084F8410084F842000020D9
:10690000606300BFC8E7000010B586B004461421DC
:1069100001A8F9F79FFCA9492068884276D100BFF9
:1069200000200090A648006840F01000A4490860CC
:106930000846006800F01000009000BF00BF00BFD4
:10694000002000909E481438006840F001009C49E7
:10695000143908600846006800F00100009000BF8C
:1069600000BF4FF4C060019002200290002003900D
:10697000032004900720059001A99248FEF710F922
:106980009148924908604FF00060486000218F48AC
:106990008160C1604FF480610161002141618161CA
:1069A000C16101624162FEF73BF808B1FBF7AAFB47
:1069B00000BF8648E063846300BF83483030844969
:1069C00008604FF0006048604021814881600021EC
:1069D000C1604FF480610161002141618161C16149
:1069E00001624162FEF71CF808B1FBF78BFB00BFA8
:1069F0007748A063846300BF002211462520FEF77C
:106A00006FFA2520FEF758FAD5E0FFE771492068B4
:106A1000884277D100BF002000906948001F0068BD
:106A200040F400306649091F08600846006800F419
:106A30000030009000BF00BF00BF00200090604801
:106A40001438006840F001005D49143908600846B8
:106A5000006800F00100009000BF00BF0C20019012
:106A6000022002900020039003200490072005904C
:106A700001A95448FEF794F85748584908604FF068
:106A800000604860002155488160C1604FF480611A
:106A90000161002141618161C16101624162FDF7D3
:106AA000BFFF08B1FBF72EFB00BF4C48E0638463D7
:106AB00000BF494818304A4908604FF000604860FC
:106AC0004021474881600021C1604FF4806101612D
:106AD000002141618161C16101624162FDF7A0FF56
:106AE00008B1FBF70FFB00BF3D48A063846300BF04
:106AF000002211462620FEF7F3F92620FEF7DCF9E6
:106B000059E0FFE737492068884254D100BF002090
:106B100000902B48006840F0200029490860084692
:106B2000006800F02000009000BF00BF00BF002000
:106B3000009023481438006840F0040020491439BC
:106B400008600846006800F00400009000BF00BF25
:106B5000C0200190022002900020039003200490A6
:106B60000820059001A92048FEF71AF81648603859
:106B70001E4908608005486000211C488160C16092
:106B80004FF480610161002141618161C161016255
:106B90004162FDF745FF08B1FBF7B4FA00BF1348A7
:106BA000E063846300BF002201214720FEF798F9CB
:106BB0004720FEF781F906B010BD0000001001402B
:106BC000443802400000024088640240501E002009
:106BD000B01E00200044004088600240101F0020CA
:106BE000701F00200014014000080240D01F002048
:106BF00070B504460D46164694F8420020280BD185
:106C000005B10EB9012070BD00202063324629462F
:106C1000204602F0F7FFF6E70220F4E770B50446DD
:106C20002B48844224D12B4845780078EB2811D199
:106C3000022D0FD3B5F5807F0CD82A46254926486A
:106C4000F9F7EFFA01202549087025480078401C23
:106C5000234908704FF480721E491D48FAF7ADFDB4
:106C600028B14FF480721B491948FAF7A6FD70BD90
:106C70001C48844224D11C4845780078EB2811D167
:106C8000022D0FD3B5F5807F0CD82A461649174838
:106C9000F9F7C7FA01201649087016480078401C19
:106CA000144908704FF480720F490E48FAF785FDB9
:106CB00028B14FF480720C490A48FAF77EFD00BFF4
:106CC0000D48844202D101F02FF8D0E700BFCEE793
:106CD000781D0020C8170020C81900200D000020D2
:106CE00098000020C01D0020C8180020311A002084
:106CF0000E00002099000020081E002070470000B0
:106D0000F7B50446154694F8410020283ED1019875
:106D100000B10DB90120FEBD01982062A584E58473
:106D200000206064212084F841001948A16BC863E9
:106D30001848A16B08641848A16BC8640020A16BB7
:106D4000086501AE23681A1D31682B46A06BFDF75C
:106D5000DDFE30B110206064202084F84100012065
:106D6000D9E76FF040002168086000BF00BF2168CC
:106D7000143151E8001F41F080002168143141E8CE
:106D80000002002AF3D100BF0020C4E70220C2E7BE
:106D9000C39700081B9800089B960008704770472F
:106DA00000BFFEE71FB50020009001900290039005
:106DB0001548164908604FF4803048600021134898
:106DC0008160012101610176002180F82010C162FB
:106DD0000F4981620021C1600121C16180F830103A
:106DE0004161FDF7DBFA08B1FBF78CF90120009057
:106DF00001900020029069460448FDF705FA08B1A9
:106E0000FBF780F91FBD000000200140281B002077
:106E10000100000F08B500BF002000902E48006858
:106E200040F480002C4908600846006800F48000A7
:106E3000009000BF00BF00BF00200090084600681F
:106E400040F4001008600846006800F4001000904C
:106E500000BF00BF002211461020FEF741F81020AD
:106E6000FEF72AF8002211461120FEF739F811200A
:106E7000FEF722F8002211463820FEF731F83820BC
:106E8000FEF71AF8002211463920FEF729F83920BA
:106E9000FEF712F8002211463A20FEF721F83A20B8
:106EA000FEF70AF8002211463B20FEF719F83B20B6
:106EB000FEF702F8002211464420FEF711F84420A4
:106EC000FDF7FAFF002211464620FEF709F846209A
:106ED000FDF7F2FF08BD00003038024000B587B072
:106EE000142102A8F9F7B6F900BF0020019032483A
:106EF000006840F08000304908600846006800F0F3
:106F00008000019000BF00BF00BF00200190084634
:106F1000006840F0010008600846006800F00100C9
:106F2000019000BF00BF00BF00200190084600682C
:106F300040F0040008600846006800F0040001907A
:106F400000BF00BF00BF002001900846006840F06D
:106F5000020008600846006800F00200019000BFCF
:106F600000BF00224FF4C1511448FDF725FF202037
:106F700002900120039000200490059002A90F4880
:106F8000FDF70EFE4FF48060029000200390022077
:106F9000049002A90948FDF703FE4FF4C050029087
:106FA00001200390022004900020059002A90348CC
:106FB000FDF7F6FD07B000BD303802400008024082
:106FC00010B50F480F4908604FF4827048600021E7
:106FD0000C488160C16002210161012141614902C7
:106FE00081612821C16100210162416281620A211F
:106FF000C162FEF71DFC08B1FBF784F810BD00006C
:1070000000300140D01B002000B58DB00020099059
:107010000A900B900C90079008901C216846F9F795
:1070200019F92048204908600020486000211E48C6
:10703000816041F26701C160002101618161FEF759
:10704000ABFE08B1FBF75EF84FF48050099009A938
:107050001548FEF763FF08B1FBF754F81248FFF735
:107060004EF908B1FBF74EF800200790089007A9E9
:107070000D48FEF737FE08B1FBF744F8602000909A
:107080000020019002900490002269460648FFF714
:10709000B4F808B1FBF736F80348FFF77DF80DB0F8
:1070A00000BD000000040040E81C00201CB50020CA
:1070B000009001900E480F49086042F2CF004860EE
:1070C00000210C4881600921C16000218161FEF727
:1070D00063FE08B1FBF716F80020009001906946A6
:1070E0000448FEF7FFFD08B1FBF70CF81CBD0000DB
:1070F00000100040301D002010B50B480B490860FF
:107100004FF4E1104860002108488160C1600161CE
:107110000C21416100218161C161FFF7B9FB08B118
:10712000FAF7F0FF10BD000000100140781D0020AC
:1071300010B50B480B4908604FF4612048600021EE
:1071400008488160C16001610C21416100218161B9
:10715000C161FFF79DFB08B1FAF7D4FF10BD000035
:1071600000440040C01D002010B50B480B490860CA
:107170004FF4E1304860002108488160C16001613E
:107180000C21416100218161C161FFF781FB08B1E0
:10719000FAF7B8FF10BD000000140140081E0020DF
:1071A00000BFFEE7FEF736F800BFFEE70FB42DED97
:1071B000020B10B52DED0E8B0446B0EE408AF0EEBA
:1071C000608A18EE900AF9F792FA41EC1B0B9FEDDA
:1071D000FE0B53EC102BF9F753F941EC1A0BB0EE00
:1071E0004A0AF0EE6A0A04F04BF9B0EE409AF0EE6B
:1071F000609A51EC190BF9F7BDFAF549086018EEE1
:10720000900AF9F774FA41EC1B0B9FEDEF0B53EC6E
:10721000102BF9F735F941EC1A0BB0EE4A0AF0EEF3
:107220006A0A03F015F9B0EE409AF0EE609A51EC5C
:10723000190BF9F79FFAE749086018EE100AF9F7F9
:1072400056FA41EC1B0B9FEDE00B53EC102BF9F7BA
:1072500017F941EC1A0BB0EE4A0AF0EE6A0A04F094
:107260000FF9B0EE409AF0EE609A51EC190BF9F775
:1072700081FAD949086018EE100AF9F738FA41EC9A
:107280001B0B9FEDD10B53EC102BF9F7F9F841ECE8
:107290001A0BB0EE4A0AF0EE6A0A03F0D9F8B0EE23
:1072A000409AF0EE609A51EC190BF9F763FACB496A
:1072B0000860C8480068F9F71AFA41EC1A0BC74889
:1072C0000068F9F714FA41EC1C0B9FEDC50B53EC69
:1072D000102BF9F7D5F841EC1B0B53EC1A2BF9F7EF
:1072E000CFF841EC190BF9F745FABF490860B848E7
:1072F0000068F9F7FCF941EC1A0BB8480068F9F797
:10730000F6F941EC1C0B9FEDB60B53EC102BF9F783
:10731000B7F841EC1B0B53EC1A2BF9F7B1F841EC21
:10732000190BF9F727FAB1490860AB480068F9F77B
:10733000DEF941EC1A0B9FEDAA0B53EC102BF9F779
:107340009FF841EC190BF9F715FAA94908609DED72
:10735000150AA84880ED000A9DED160AA64880EDA2
:10736000000A9DED130A10EE101A0846F9F7BFF94E
:1073700041EC1A0B9FEDA10B53EC102BF9F780F8A1
:1073800041EC190BF9F7F6F99E4908609DED140AD6
:107390009D4880ED000A9DED170A10EE101A084670
:1073A000F9F7A5F941EC1A0B9FED940B53EC102B58
:1073B000F9F766F841EC190BF9F7DCF99349086025
:1073C0009DED180A924880ED000A8F4890ED000A62
:1073D0008948D0ED000A20EE200A8348D0ED000A4B
:1073E00020EE200A8848D0ED000A824890ED001A6D
:1073F00060EE810A7D4890ED001A00EE810A814816
:10740000D0ED000A7A4890ED001A00EEC10A8148DA
:1074100080ED000A084690ED000A7A48D0ED000A97
:1074200020EE200A7448D0ED000A20EE200A7848A9
:10743000D0ED000A6F4890ED001A00EEC10A6A48CC
:10744000D0ED000A20EE200A0846D0ED000A6D4873
:1074500090ED001A60EE810A664890ED001A60EE29
:10746000810A6B4890ED001A6348D0ED001A41EE96
:10747000210A5E4890ED001A00EE810A0846D0ED20
:10748000000A614890ED001A60EE810A584890EDBC
:10749000001A00EE810A5F4880ED010A5C4890ED19
:1074A000000A5848D0ED000A20EE200A5248D0EDDC
:1074B000000A20EE200A0846D0ED000A4D4890ED63
:1074C000001A00EE810A4848D0ED000A20EE200A9A
:1074D0004F48D0ED000A4B4890ED001A60EE810A4B
:1074E000444890ED001A60EE810A084690ED001ABB
:1074F0004148D0ED001A41EE610A3C4890ED001A77
:1075000000EE810A4248D0ED000A3F4890ED001A93
:1075100060EE810A364890ED001A00EE810A3D487F
:1075200080ED020A90ED000A20EE000AD0ED010A7B
:1075300090ED011A00EE810A10EE101A0846F9F7D4
:10754000D6F841EC1E0BB0EE4E0AF0EE6E0A04F0D7
:10755000C3F8B0EE40CAF0EE60CA2E4890ED020AC1
:1075600010EE101A0846F9F7C2F841EC1D0B53EC67
:107570001C2BF8F7F7FF41EC1B0BB0EE4B0AF0EEBB
:107580006B0A02F001FDB0EE40AAF0EE60AA9FED9A
:10759000220B53EC102B51EC1A0BF8F771FF41EC56
:1075A000190BF9F7E7F81B49C860084690ED000A87
:1075B00010EE101A0846F9F79AF841EC1B0B154823
:1075C00090ED010A2CE000007A6C52A246DF913F58
:1075D00074110020781100207C11002080110020FF
:1075E000000000000000F03F8411002088110020FE
:1075F0008C1100205C1100206011002000000000B0
:107600000000F0BF64110020681100206C11002000
:1076100070110020A0400020CBC1631ADCA54C40B3
:1076200010EE101A0846F9F762F841EC1C0BB0EEA8
:107630004B1AF0EE6B1AB0EE4C0AF0EE6C0A02F048
:107640000FFEB0EE40AAF0EE60AA1FED0D0B53EC5A
:10765000102B51EC1A0BF8F713FF41EC190BF9F74B
:1076600089F80549086114222046F8F7DAFDBDECD7
:107670000E8B10BC5DF81CFBA04000200FB410B5B1
:107680002DED0C8B9DED140AE94880ED000A9DED6F
:10769000150AE84880ED000A9DED160AE64880EDDF
:1076A000000A9DED170AE54880ED000AE1480068F0
:1076B000F9F71DF841EC190BE0480068F9F717F8E5
:1076C00041EC1B0B9FEDDE0B53EC102BF8F7D8FEB3
:1076D00041EC1A0B53EC192BF8F7D2FE41EC180BC6
:1076E000F9F748F8D8490860D1480068F8F7FFFF73
:1076F00041EC190BD1480068F8F7F9FF41EC1B0B7E
:107700009FEDCF0B53EC102BF8F7BAFE41EC1A0BA0
:1077100053EC192BF8F7B4FE41EC180BF9F72AF8E3
:10772000CA490860C4480068F8F7E1FF41EC190B4A
:107730009FEDC30B53EC102BF8F7A2FE41EC180B96
:10774000F9F718F8C24908609DED100AC14880EDAC
:10775000000A9DED110AC04880ED000A9DED0E0A59
:1077600010EE101A0846F8F7C2FF41EC190B9FED16
:10777000BB0B53EC102BF8F783FE41EC180BF8F71A
:10778000F9FFB84908609DED0F0AB74880ED000A7F
:107790009DED120A10EE101A0846F8F7A8FF41EC0A
:1077A000190B9FEDAE0B53EC102BF8F769FE41EC73
:1077B000180BF8F7DFFFAD4908609DED130AAC48E0
:1077C00080ED000A084690ED000AA648D0ED000AB8
:1077D00020EE200AA048D0ED000A20EE200AA4489E
:1077E000D0ED000A9B4890ED001A00EEC10A9748C0
:1077F000D0ED000A20EE200A9B48D0ED000A964802
:1078000090ED001A60EE810A8F4890ED001A00EEAC
:10781000810A9748D0ED000A924890ED001A60EE78
:10782000810A8D4890ED001A60EE810A084690EDBD
:10783000001A8848D0ED001A41EE210A844890EDE4
:10784000001A00EE810A8B4880ED000A084690ED90
:10785000000A8448D0ED000A20EE200A7D48D0EDD1
:10786000000A20EE200A8248D0ED000A7A4890ED06
:10787000001A00EE810A7548D0ED000A20EE200AB9
:107880007948D0ED000A734890ED001A60EE810A45
:107890006D4890ED001A00EE810A7548D0ED000A9F
:1078A000704890ED001A60EE810A6A4890ED001A67
:1078B00060EE810A084690ED001A6748D0ED001A84
:1078C00041EE610A624890ED001A00EE810A6A48B2
:1078D00080ED000A634890ED000AFFEE000A20EEFA
:1078E000200A5948D0ED000A20EE200A0846D0EDC3
:1078F000000A5D4890ED001A60EE810A534890ED51
:10790000001A00EE810A5A48D0ED000A564890ED60
:10791000001A60EE810A4E4890ED001A00EE810ACE
:10792000564880ED000A534890ED000A20EE000A08
:107930005148D0ED000A90ED001A00EE810A10EED9
:10794000101A0846F8F7D3FE41EC1D0BB0EE4D0AB5
:10795000F0EE6D0A03F0C0FEB0EE40BAF0EE60BA91
:1079600046480068F8F7C3FE41EC1C0B53EC1B2B98
:10797000F8F7F8FD41EC1A0BB0EE4A0AF0EE6A0A8D
:1079800002F002FBB0EE409AF0EE609A9FED3C0BE5
:1079900053EC102B51EC190BF8F772FD41EC180B5E
:1079A000F8F7E8FE3849086032480068F8F79FFEAB
:1079B00041EC1A0B30480068F8F799FE41EC1B0BBC
:1079C000B0EE4A1AF0EE6A1AB0EE4B0AF0EE6B0A0D
:1079D00002F046FCB0EE409AF0EE609A9FED280B64
:1079E00053EC102B51EC190BF8F74AFD41EC180B36
:1079F000F8F7C0FE25490860234890ED000A2448A6
:107A000080ED000A084690ED000A214880ED020A48
:107A10009FED200A80ED010A90ED000AD0ED010AE9
:107A200090ED021ABDEC0C8B10BC5DF814FB00004D
:107A3000EC100020F0100020F4100020F8100020BE
:107A4000000000000000F03FFC10002000110020AA
:107A500004110020081100200C110020000000007B
:107A60000000F0BF10110020141100201811002098
:107A70001C110020201100202411002028110020BA
:107A8000CBC1631ADCA54C402C1100203011002022
:107A900094400020000000007047000010B513481B
:107AA000007801281FD10020104908701048447840
:107AB000214602F007FA00B910BD0D48407A0128AE
:107AC00008D10C4890F8230040F00400094981F8DF
:107AD000230007E0074890F8230020F00400054940
:107AE00081F8230000BF00BFE6E700000E00002081
:107AF000311A0020E719002010B514480078012839
:107B000022D100201149087011484478214602F022
:107B1000D9F998B10E48F9F721FF0E480088401CAA
:107B20000C49088008460088C8280CD1002008802D
:107B300009480088401C0849088004E0074800788C
:107B4000401C0649087000BF10BD00000D00002059
:107B5000C819002094000020960000209A00002000
:107B600070B52DED088B05460C4628460DF0C6F87D
:107B700020B19FED260BBDEC088B70BD002128467F
:107B800003F0EAFDB0EE408AF0EE608A9FED210B33
:107B900053EC102B51EC180BF8F7E4FC41EC1B0BE9
:107BA000F8F76DFD0646F8F74CFD41EC190B9FED1B
:107BB000190B53EC102B51EC190BF8F761FC41EC4D
:107BC0001B0B53EC182BF8F758FC41EC1A0B9FEDEC
:107BD000130B53EC102B51EC1A0BF8F7C3FC41ECD0
:107BE0001B0B53EC192BF8F7A4FB41EC180B532C8F
:107BF00001D0572C05D151EC180B81F0004141EC1C
:107C0000180BB0EE480AF0EE680AB4E70000000076
:107C100000000000000000000000594000000000CB
:107C200000004E4070B5DCB005460C4605B114B9F5
:107C300000205CB070BD2878242801D00020F8E72F
:107C40002846F8F72EFBFF2801D90020F1E7284647
:107C500000F080F908B90020EBE729461CA8F8F7E6
:107C600027FB102218A91CA80DF046FA08B900201D
:107C7000DFE7182269461CA80DF068FA064626A11F
:107C800018A8F8F7F2FA60B12246314668460DF0BE
:107C90009DF820B1206E401C20660120C9E700201D
:107CA000C7E71EA118A8F8F7E0FA68B104F130029E
:107CB000314668460DF0F1F820B1206E401C206678
:107CC0000120B6E70020B4E715A118A8F8F7CDFA0F
:107CD00068B104F14802314668460DF0B9F820B1A8
:107CE000206E401C20660120A3E70020A1E70DA123
:107CF00018A8F8F7BAFA68B104F1280231466846C4
:107D00000DF013F920B1206E401C2066012090E791
:107D100000208EE700208CE7474741004850520082
:107D200048445400524D430010B50548FEF7C8FBC7
:107D30004FF400700DF094F90DF06EF910BD0000D5
:107D4000081E002070B505460E4605B106B970BD87
:107D5000002404E0285D0CF065FF601C84B2B4428E
:107D6000F8DB00BFF3E7000070B506460D461EB114
:107D700015B11748007808B9002070BD1548007883
:107D800000EBC010144901EB4004B4F80001A84214
:107D900001DB0020F1E7B4F80001421C2146304627
:107DA000F8F73FFA0B480078401C00F00F00094933
:107DB000087007480078401E0549087007480069A8
:107DC000401C064908610CF073FF0120D5E7000054
:107DD000E0000020E1000020C422002098220020C2
:107DE00038B51B48006800681A49084020B1184897
:107DF0000068C068084000B938BD00BF002000908E
:107E000013480068006800901148006840680090BE
:107E100000BF00BF0E48808D0D49C96B09684968D5
:107E2000401A84B20A48FEF74BFB0B480068401C1E
:107E300009490860002081F828000846C48414B16C
:107E400020460DF00DF90DF0E7F800BFD4E7000073
:107E5000081E0020100000109822002010B50020FD
:107E60001349087013490870134908700CF016FF85
:107E700000201249087012490860FCF7A3FF11495D
:107E8000086068211048F8F7E5F92C210F48F8F749
:107E9000E1F94FF400720E490E48FEF7A9FE0D48B5
:107EA0000068C06840F010000A490968C86010BD49
:107EB000E1000020E2000020E0000020E6000020B9
:107EC000E8000020EC000020302000209822002054
:107ED00098200020081E002070B5012500241648B7
:107EE0004069401C144948610DF0D4F819E013A111
:107EF0001348F8F7BAF970B912A11148F8F7B5F9B3
:107F000048B911A10E48F8F7B0F920B90FA10C48F3
:107F1000F8F7ABF918B10E490948FFF783FE601C6A
:107F2000C4B2012C06DA4FF480710548FFF71CFF3C
:107F30000028DCD170BD0000982200204747410096
:107F4000E43300204850520048445400524D43004E
:107F5000302000202DE9FC4104460027002001903C
:107F600000900CB9BDE8FC812078242801D00020C5
:107F7000F8E7661C2A212046F8F789F905460DB96D
:107F80000120EFE702E030784740761CAE42FAD39A
:107F90006A4601A928460CF0D2FE08B90020E1E7A4
:107FA0000198C0B2B84201D10120DBE70020D9E737
:107FB00010B5EB20174908700E204870164800785D
:107FC0008870164890ED050ADFED150A20EE200AAC
:107FD000BDEEC00A10EE100A00B2A1F80300084678
:107FE0004078401E81B20B4801F05EFFC4B20948E0
:107FF00044730C490C48F9F76EFC0B4890F84100AB
:10800000202805D10348427801460748FEF778FE4C
:1080100010BD0000671A00208C010020483B0020A2
:1080200000007A44D4000020C01D002030B597B075
:1080300088480078401C87490870084600780A285C
:1080400055DD00200870844890ED460AB5EEC00A60
:10805000F1EE10FA09D290ED460ADFED800A30EE1B
:10806000200A7F4880ED000A09E07B4890ED460A2F
:10807000DFED7C0A30EE200A794880ED000A78486E
:1080800090ED000A784880ED000A784890ED230AC8
:10809000754880ED010A9FED730A80ED020A2822DF
:1080A00073496846F8F7BDF86F4890ED021AD0EDB5
:1080B000010A90ED000A6E4808380CC80BA801F0C0
:1080C000DFF830220BA96B48F8F7ABF8202269499A
:1080D00010316846F8F7A5F866480FC8FFF7CEFAE2
:1080E000654880ED000AC0ED010A80ED021A624881
:1080F00090ED020ADFED610A20EE200ABCEEC00A14
:1081000010EE100A5E4948805B4890ED000ADFEDF2
:108110005B0A20EE200ABDEEC00A10EE100A00B283
:1081200088804D4890ED3F0ADFED540A20EE200A8A
:10813000BDEEC00A10EE100A00B2C8804B4890EDA8
:108140001C0ADFED4E0A20EE200ABDEEC00A10EE3A
:10815000100A00B208814B4890F88C1490F8140271
:1081600041EA4000C5B2464880F824500020444906
:10817000C1F80A00C1F80E00C1F81200EB20087027
:108180004A204870404890ED010ADFED400A20EE99
:10819000200ABDEEC00A10EE100AC1F837003A48B6
:1081A00090ED000ADFED390A20EE200ABDEEC00A8C
:1081B00010EE100AC1F83B00334890ED020ABDEE04
:1081C000C00A10EE100AC1F83F002948083890EDA7
:1081D000070ADFED2A0A20EE200ABDEEC00A10EEE3
:1081E000100A00B2A1F845002148083890ED060AAF
:1081F000DFED220A20EE200ABDEEC00A10EE100AC2
:1082000000B2A1F8470022480078401C20490870BD
:108210000024002004E01A49095C2144CCB2401C2F
:1082200017494978491E8142F5DC154880F84940D4
:1082300018491948F9F74FFB174890F841002028D2
:1082400005D10F48427801461348FEF759FD17B093
:1082500030BD0000CD000020483B00200000B443AA
:108260009C00002000000000903E0020CC3C00203C
:10827000A83E002050400020944000200000C8424A
:10828000E7190020E8340020BC1A00200050C34742
:10829000CE000020D0000020781D002001200149E0
:1082A000087070470F00002010B50248FDF712FA61
:1082B00010BD0000D01B002070B50546AC6B00203F
:1082C000E087E0862046FDF703FA70BD70B50546ED
:1082D000AC6B2068406820F0030021684860606D46
:1082E00040F010006065012084F851002046FDF741
:1082F000EFF970BD70B50446A56B2846FDF720FC6C
:1083000070BD70B50446A56B2846FDF7CEFC70BD68
:1083100070B50546AC6BFCF755FD0646286800684D
:1083200000F48070B0F5807F2BD02068406820F08A
:10833000200021684860A06850B96068B0F5827F6D
:1083400006D12068406820F003002168486005E0FD
:108350002068406820F001002168486032466421AE
:10836000204600F047F808B1202060650020E08733
:10837000012084F85100606D18B12046FDF7A8F97E
:1083800070BD2046FDF7D2FB00BFF9E770B505468A
:10839000AC6BFCF717FD06462868006800F4807097
:1083A000B0F5807F21D02068406820F0200021684F
:1083B000486032466421204600F066F818B1606DCE
:1083C00040F0200060652068406820F003002168CC
:1083D00048600020E086E087012084F85100606D4D
:1083E00018B12046FDF774F970BD2046FDF75CFC1E
:1083F00000BFF9E7F8B504460E4615466068B0F5CB
:10840000827F0DD1A068B0F5004F03D0A068B0F511
:10841000806F05D12068006820F040002168086066
:108420006068B0F5827F1FD1A068B0F5806F0DD075
:108430003346002280212046009500F069F808B3F9
:10844000606D40F0200060650320F8BD33460022D7
:1084500001212046009500F05BF898B1606D40F076
:10846000200060650320F0E733460022012120460A
:10847000009500F04DF828B1606D40F02000606577
:108480000320E2E70020E0E77CB504460E461546EF
:108490003346012202212046009500F039F828B128
:1084A000606D40F02000606503207CBD16480068C8
:1084B0001821B0FBF1F01549B0FBF1F04FF47A71DF
:1084C000484301906068B0F5827F0DD133460022A9
:1084D00080212046009500F01BF898B1606D40F0B7
:1084E000200060650320E0E700BF019800B908E0C4
:1084F0000198401E019020688068C0F3C0100028D9
:10850000F3D100BF0020D0E7FC00002040420F0064
:108510002DE9F84F04460D4690461E46DDF828909A
:10852000FCF750FCA0EB0900371AFCF74BFC824625
:108530002C480068C0F3CB307843009046E0701CB4
:10854000002843D0FCF73EFCA0EB0A00B84200D262
:10855000A7BB2068406820F0E000216848606068A0
:10856000B0F5827F0DD1A068B0F5004F03D0A068B0
:10857000B0F5806F05D12068006820F040002168C8
:108580000860A06AB0F5005F0DD100BF20680068E8
:1085900020F40050216808602068006840F4005012
:1085A0002168086000BF012084F8510000BF00204E
:1085B00084F8500000BF0320BDE8F88FFFE7009863
:1085C00008B9002702E00098401E009020688068EB
:1085D0002840A84201D1012000E000204045AED152
:1085E0000020E9E7FC000020704710B5FCF7F0FB25
:1085F00010BD000000B593B0302107A8F7F72AFEA0
:10860000142102A8F7F726FE00BF0020019025489C
:10861000006840F08050234908600846006800F078
:108620008050019000BF00BF00BF002001901E4895
:10863000006840F480401C4908600846006800F467
:108640008040019000BF00BF012007900004089007
:1086500002200D9041050E9108210F91D221109119
:10866000022111910421129107A8FCF7E3FD08B142
:10867000F9F748FD0F20029002200390002004909B
:108680004FF4A05005904FF480500690052102A8A9
:10869000FCF77AFC08B1F9F735FDFCF737FD13B0AC
:1086A00000BD0000403802400070004003480068F0
:1086B00040F47000014908607047000088ED00E058
:1086C0000FB400B52DED108B89B09DED1A1BB0EEE7
:1086D000410AF0EE610A02F0D3FEB0EE408AF0EEFD
:1086E000608A51EC180BF8F745F8FE4908609DEDDB
:1086F0001A1BB0EE410AF0EE610A01F0A9FEB0EEDD
:10870000408AF0EE608A51EC180BF8F733F8F6491E
:1087100008609DED1C1BB0EE410AF0EE610A02F00C
:10872000AFFEB0EE408AF0EE608A51EC180BF8F71D
:1087300021F8EE4908609DED1C1BB0EE410AF0EEF9
:10874000610A01F085FEB0EE408AF0EE608A51ECDD
:10875000180BF8F70FF8E64908609DED201BB0EE06
:10876000410AF0EE610A02F08BFEB0EE408AF0EEB4
:10877000608A51EC180BF7F7FDFFDE4908609DEDAC
:10878000201BB0EE410AF0EE610A01F061FEB0EE8E
:10879000408AF0EE608A51EC180BF7F7EBFFD649F0
:1087A00008609DED221BB0EE410AF0EE610A02F076
:1087B00067FEB0EE408AF0EE608A51EC180BF7F7D6
:1087C000D9FFCE4908609DED221BB0EE410AF0EEC4
:1087D000610A01F03DFEB0EE408AF0EE608A51EC95
:1087E000180BF7F7C7FFC6490860C4480068F7F7D9
:1087F0007EFF41EC1E0B9FEDC31BB0EE4E0AF0EE68
:108800006E0A02F015F8B0EE40CAF0EE60CA9FEDB5
:10881000BD1B9FEDBE0B02F00BF88DED060B9FED1F
:10882000B91B9FEDBC0B02F003F8B0EE40FAF0EE7E
:1088300060FA9FEDB41B9FEDB50B01F0F9FF8DEDD4
:10884000040B53EC1F2B9DED040B51EC100BF7F7B1
:1088500011FE41EC1E0B9DED060B53EC102BF7F7B0
:1088600081FE41EC1D0B53EC1C2BF7F709FE41EC8C
:108870001B0B9FEDAA0B53EC102BF7F7FEFD41EC01
:108880001A0BB0EE4A0AF0EE6A0A02F025FFB0EECB
:10889000409AF0EE609A53EC192B9FED9C0B51EC33
:1088A000100BF7F75FFE41EC180BF7F763FF9D49DC
:1088B000086091480068F7F71AFF41EC190B9048DF
:1088C0000068F7F714FF41EC1B0B964890ED000A87
:1088D00010EE101A0846F7F70AFF41EC1D0B9DED4C
:1088E000241BB0EE410AF0EE610A53EC102BF7F7AF
:1088F00020FD41EC1C0B53EC1B2BF7F7C1FD41ECA9
:108900001A0B53EC192BF7F7BBFD41EC180BF7F7DB
:1089100031FF8549086077480068F7F7E8FE41ECC9
:10892000190B77480068F7F7E2FE41EC1B0B7D4816
:1089300090ED000A10EE101A0846F7F7D8FE41EC49
:108940001D0B9DED241BB0EE410AF0EE610A53ECC5
:10895000102BF7F7EEFC41EC1C0B53EC1B2BF7F73D
:108960008FFD41EC1A0B53EC192BF7F789FD41EC05
:10897000180BF7F7FFFE6D49086060480068F7F7CD
:10898000B6FE41EC190B9FED5F1B9FED600B01F0F4
:108990004FFFB0EE40FAF0EE60FA9FED5A1B9FEDEC
:1089A0005D0B01F045FF8DED040B9FED561B9FED18
:1089B000570B01F03DFF8DED020B9DED040B53ECC9
:1089C000102B9DED020B51EC100BF7F753FD53EC00
:1089D0001F2BCDE906019DED060B51EC100BF7F7AF
:1089E000C1FD41EC1E0B9FED4D0B53EC102BF7F727
:1089F00044FD41EC1C0B4B4890ED000A10EE101AA0
:108A00000846F7F774FE41EC1D0B53EC1C2BF7F7EF
:108A100037FD41EC1B0B9DED241BB0EE410AF0EE3F
:108A2000610A53EC102BF7F784FC41EC1A0B53EC62
:108A3000192BF7F725FD41EC180BF7F79BFE3C4986
:108A400008602A480068F7F752FE41EC1E0B9FEDC4
:108A50002D1BB0EE4E0AF0EE6E0A01F0E9FEB0EE0C
:108A600040CAF0EE60CA9FED271B9FED280B01F076
:108A7000DFFE8DED060B9FED231B9FED260B01F016
:108A8000D7FEB0EE40EAF0EE60EA9FED1E1B9FEDD0
:108A90001F0B01F0CDFEB0EE40FAF0EE60FA53ECA1
:108AA0001E2B51EC1F0BF7F7E5FCCDE904019DED02
:108AB000060B53EC102B9DED040B51EC100BF7F74C
:108AC00051FD41EC1D0B53EC1C2BF7F7D9FC41EC8D
:108AD0001B0B9FED120B53EC102BF7F7CEFC41EC68
:108AE0001A0B27E0CC110020D0110020D411002057
:108AF000D8110020BC110020C0110020C41100209A
:108B0000C8110020000000000000004000000040EC
:108B1000A654584175931814C43F584100000000F2
:108B20000000F03FB41100209011002098110020A7
:108B3000A0110020B0EE4A0AF0EE6A0A02F0CCFD65
:108B4000B0EE409AF0EE609A53EC192B1FED110B2A
:108B500051EC100BF7F706FD41EC180BF7F70AFE86
:108B6000E1494860084690ED010ADDED1E0A30EE4D
:108B7000200ADE48D0ED000A20EE200ADC48D0EDC5
:108B8000000A20EE200ADB4880ED010A084690ED3D
:108B9000010ADDED1E0A30EE200AD448D0ED000AAD
:108BA00020EE200AD448D0ED000A20EE200AD34857
:108BB00080ED010AD2480068F7F799FD41EC190BE6
:108BC0009DED1E0A10EE101A0846F7F790FD41ECD5
:108BD0001B0B1FED341B1FED330B01F029FE8DED38
:108BE000040B1FED381B1FED350B01F021FE8DED41
:108BF000020B1FED3C1B1FED3B0B01F019FE8DED31
:108C0000000B9DED020B53EC102B9DED000B51EC76
:108C1000100BF7F72FFC41EC1F0B9DED040B53ECF1
:108C2000102BF7F79FFC1FED430B53EC102BCDE9F6
:108C300006019DED060B51EC100BF7F71EFC41EC05
:108C40001D0BA94890ED010A10EE101A0846F7F71F
:108C50004EFD41EC1E0B53EC1D2BF7F711FC41ECC4
:108C60001C0B53EC1B2BF7F764FB41EC1A0B53EC7A
:108C7000192BF7F705FC41EC180BF7F77BFDA14921
:108C800048609C4890ED010AD0ED000A30EE600A81
:108C90009D48D0ED000AF1EE600A9C4890ED001A64
:108CA00060EE810A20EE200A9448D0ED010A90ED92
:108CB000001A70EEC10A944890ED001A9448D0ED65
:108CC000001A21EE211A01EE600A0846D0ED010AD1
:108CD00090ED001A70EEC10A8E4890ED001A01EE78
:108CE000200A8D4880ED000A824890ED010AD0EDFF
:108CF000000A30EE600A8648D0ED000AF1EE600A04
:108D000020EE200A7D48D0ED010A90ED001A70EEA9
:108D1000C10A7E4890ED001A01EE200A7F4880EDDE
:108D2000000A744890ED010AD0ED000A30EE600AA6
:108D30007848D0ED000A754890ED001A60EE810A7F
:108D400020EE200A6D48D0ED010A90ED001A70EE79
:108D5000C10A704890ED001A6D48D0ED001A21EE5E
:108D6000211A01EE200A0846D0ED010A90ED001A02
:108D700070EEC10A644890ED001A01EE200A6848BE
:108D800080ED000A64480068F7F7B1FC41EC1F0B66
:108D90001FEDA41BB0EE4F0AF0EE6F0A01F048FD84
:108DA000B0EE40DAF0EE60DA5C480068F7F79FFC5E
:108DB00041EC1F0B1FEDAD1BB0EE4F0AF0EE6F0A3A
:108DC00001F036FDB0EE40EAF0EE60EA53EC1D2B08
:108DD00051EC1E0BF7F7ADFA41EC1C0BB0EE4C0A50
:108DE000F0EE6C0A02F078FCB0EE40AAF0EE60AA59
:108DF0004B480068F7F77BFC41EC1B0BB0EE4A1ABE
:108E0000F0EE6A1AB0EE4B0AF0EE6B0A01F028FAA7
:108E1000B0EE409AF0EE609A9FED420B53EC102BAF
:108E200051EC190BF7F72CFB41EC180BF7F7A2FCF0
:108E30003E49086038480068F7F759FC41EC1A0BC6
:108E400036480068F7F753FC41EC1B0BB0EE4A1AAA
:108E5000F0EE6A1AB0EE4B0AF0EE6B0A01F000FA7F
:108E6000B0EE409AF0EE609A9FED2E0B53EC102B73
:108E700051EC190BF7F704FB41EC180BF7F77AFCF0
:108E80002A494860084690ED000A10EE101A08467C
:108E9000F7F72DFC41EC190BB0EE490AF0EE690A28
:108EA00001F0E2FBB0EE408AF0EE608A9FED200B0D
:108EB00053EC102B51EC180BF7F744FC04D89FED42
:108EC0001E0A1A4880ED010A9FED1B0A174880ED23
:108ED000020A90ED000AD0ED010A90ED021A09B0E5
:108EE000BDEC108B5DF814FBB4110020D8110020EC
:108EF000D011002090110020CC11002098110020EA
:108F0000D4110020A0110020C4110020C0110020A5
:108F1000BC110020C8110020AC110020A8110020B5
:108F2000B0110020CBC1631ADCA54C40B440002036
:108F30009A999999997956400000000010B5024815
:108F4000FDF773F810BD0000301D002010B5026859
:108F50002B4B98420ED0B0F1804F0BD0294B98424A
:108F600008D0294B984205D0284B984202D0284B74
:108F7000984203D122F070024B681A43204B98426A
:108F800020D0B0F1804F1DD01E4B98421AD01E4BFE
:108F9000984217D01D4B984214D01D4B984211D0C7
:108FA0001C4B98420ED01C4B98420BD01B4B984246
:108FB00008D01B4B984205D01A4B984202D01A4B4E
:108FC000984203D122F44072CB681A4322F0800306
:108FD0004C6943EA04028B68C3620B688362084BE6
:108FE000984202D00A4B984201D10B69036303688F
:108FF00043F00403036001234361026010BD0000DD
:10900000000001400004004000080040000C004047
:10901000000401400040014000440140004801407C
:1090200000180040001C00400020004030B501F056
:109030001F05012404FA05F3046A9C430462046AD0
:1090400001F01F0502FA05F52C43046230BD30B56E
:109050000C46816821F47F4142EA032525432943D8
:10906000816030BD0A46816821F0700142F007033B
:10907000194381607047000030B5026A056A25F027
:10908000010505624368846924F0700424F0030438
:109090000D682C4322F002028D682A43104DA8422D
:1090A00000D103E00F4DA84206D100BF22F0080214
:1090B000CD682A4322F00402094DA84202D0094D8E
:1090C000A84207D123F4807323F400734D692B4326
:1090D0008D692B43436084614D684563026230BDF6
:1090E000000001400004014030B5026A056A25F025
:1090F000100505624368846924F4E04424F4407454
:109100000D6844EA052422F020028D6842EA051227
:10911000124DA84200D103E0114DA84207D100BF73
:1091200022F08002CD6842EA051222F040020B4D87
:10913000A84202D00A4DA84209D123F4806323F447
:1091400000634D6943EA85038D6943EA8503436003
:1091500084614D688563026230BD000000000140FB
:109160000004014030B5026A056A25F48075056285
:109170004368C46924F0700424F003040D682C4390
:1091800022F400728D6842EA0522124DA84200D1F5
:1091900003E0114DA84207D100BF22F40062CD6860
:1091A00042EA052222F480620A4DA84202D00A4D0A
:1091B000A84209D123F4805323F400534D6943EAB4
:1091C00005138D6943EA05134360C4614D68C563A7
:1091D000026230BD000001400004014030B5036A66
:1091E000056A25F4805505624468C26922F4E042AC
:1091F00022F440720D6842EA052223F400538D6880
:1092000043EA0533084DA84202D0084DA84204D1D4
:1092100024F480444D6944EA85144460C2614D6879
:109220000564036230BD00000000014000040140FD
:1092300030B50B461446026A056A25F00105056241
:10924000816921F0F00141EA041122F00A021A4377
:109250008161026230BD30B50B461446026A056A70
:1092600025F010050562816921F4704141EA04315D
:1092700022F0A00242EA03128161026230BD0000C6
:109280000FB42DED040B10B52DED068B04469DEDAE
:10929000150A10EE101A0846F7F729FA41EC1A0BD6
:1092A0009FEDEA0B53EC102BF7F7EAF841EC190BA2
:1092B000B0EE490AF0EE690A02F0E2F8B0EE408A38
:1092C000F0EE608A51EC180BF7F754FAE1490860A8
:1092D0009DED150A10EE101A0846F7F708FA41EC52
:1092E0001A0B9FEDDA0B53EC102BF7F7C9F841EC92
:1092F000190BB0EE490AF0EE690A01F0A9F8B0EED8
:10930000408AF0EE608A51EC180BF7F733FAD24935
:1093100008609DED160A10EE101A0846F7F7E7F9F7
:1093200041EC1A0B9FEDC90B53EC102BF7F7A8F883
:1093300041EC190BB0EE490AF0EE690A02F0A0F810
:10934000B0EE408AF0EE608A51EC180BF7F712FA93
:10935000C24908609DED160A10EE101A0846F7F78C
:10936000C6F941EC1A0B9FEDB90B53EC102BF7F734
:1093700087F841EC190BB0EE490AF0EE690A01F0EA
:1093800067F8B0EE408AF0EE608A51EC180BF7F700
:10939000F1F9B34908609DED140A10EE101A084661
:1093A000F7F7A5F941EC1A0B9FEDA80B53EC102B26
:1093B000F7F766F841EC190BB0EE490AF0EE690ACE
:1093C00002F05EF8B0EE408AF0EE608A51EC180BC5
:1093D000F7F7D0F9A34908609DED140A10EE101AB2
:1093E0000846F7F784F941EC1A0B9FED980B53EC04
:1093F000102BF7F745F841EC190BB0EE490AF0EEE7
:10940000690A01F025F8B0EE408AF0EE608A51EC6E
:10941000180BF7F7AFF9944908609DED080A10EEB4
:10942000101A0846F7F763F941EC1A0B9FED870B0A
:1094300053EC102BF7F724F841EC190BB0EE490A66
:10944000F0EE690A02F01CF8B0EE408AF0EE608A95
:1094500051EC180BF7F78EF9844908609DED080A66
:1094600010EE101A0846F7F742F941EC1A0B9FED7F
:10947000770B53EC102BF7F703F841EC190BB0EE18
:10948000490AF0EE690A00F0E3FFB0EE408AF0EE20
:10949000608A51EC180BF7F76DF9754908609DED7E
:1094A000090A10EE101A0846F7F721F941EC1A0BD9
:1094B0009FED660B53EC102BF6F7E2FF41EC190B16
:1094C000B0EE490AF0EE690A01F0DAFFB0EE408A28
:1094D000F0EE608A51EC180BF7F74CF9654908601B
:1094E0009DED090A10EE101A0846F7F700F941EC55
:1094F0001A0B9FED560B53EC102BF6F7C1FF41EC06
:10950000190BB0EE490AF0EE690A00F0A1FFB0EEC7
:10951000408AF0EE608A51EC180BF7F72BF95649A8
:1095200008609DED0A0A10EE101A0846F7F7DFF8FA
:1095300041EC1A0B9FED450B53EC102BF6F7A0FFF7
:1095400041EC190BB0EE490AF0EE690A01F098FF00
:10955000B0EE408AF0EE608A51EC180BF7F70AF98A
:10956000464908609DED0A0A10EE101A0846F7F702
:10957000BEF841EC1A0B9FED350B53EC102BF6F7B0
:109580007FFF41EC190BB0EE490AF0EE690A00F0DA
:109590005FFFB0EE408AF0EE608A51EC180BF7F7EF
:1095A000E9F8374908602B4890ED000A354880ED0E
:1095B000000A294890ED000A324880ED010A274848
:1095C00090ED000A2F4880ED020A254890ED000A30
:1095D0002C4880ED030A234890ED000A294880EDCD
:1095E000040A214890ED000A264880ED050A1F482C
:1095F00090ED000A234880ED060A1D4890ED000A10
:10960000204880ED070A1B4890ED000A1D4880EDB8
:10961000080A194890ED000A1A4880ED090A17480F
:1096200090ED000A174880ED0A0A084690ED000AFE
:10963000144880ED0B0A302201462046F6F7F1FD72
:10964000BDEC068B10BC5DF824FB00007A6C52A2C6
:1096500046DF913F3C1000204010002044100020C5
:10966000481000204C100020501000205410002002
:10967000581000205C1000206010002064100020B2
:10968000681000205040002070B50446A56B0020F3
:10969000E8852846FCF776FF70BD70B506460025C4
:1096A000B46B20684069C0F3C01594F841002128CC
:1096B00005D125B10020E084204600F0FBF82068A9
:1096C0004069C0F3801594F84200222805D125B1E5
:1096D0000020E085204600F0A7F8606C40F0100004
:1096E00060642046FCF74EFF70BD70B50546AC6B5C
:1096F0002868006800F48070002842D1E08500BF2F
:1097000000BF21680C3151E8001F21F480702168EE
:109710000C3141E80002002AF3D100BF00BF00BFB6
:109720002168143151E8001F21F001002168143133
:1097300041E80002002AF3D100BF00BF00BF21684A
:10974000143151E8001F21F040002168143141E834
:109750000002002AF3D100BF202084F84200206BD1
:1097600001280ED100BF00BF21680C3151E8001F55
:1097700021F0100021680C3141E80002002AF3D1E9
:1097800000BF00206063206B012804D1A18D20461A
:10979000FCF795FE02E02046FDF740FA70BD70B57B
:1097A0000546AC6B01206063206B012805D1A08DBC
:1097B00041082046FCF783FE02E02046FDF79EFAB2
:1097C00070BD70B50546AC6B2868006800F4807009
:1097D000F8B90020E08400BF00BF2168143151E8CF
:1097E000001F21F080002168143141E80002002AA6
:1097F000F3D100BF00BF00BF21680C3151E8001F4A
:1098000041F0400021680C3141E80002002AF3D108
:1098100002E02046FDF7C2FA70BD70B50446A56BA4
:109820002846FDF7BCFA70BD00BF00BF02680C32CD
:1098300052E8002F22F4907102680C3242E80013C3
:10984000002BF3D100BF00BF00BF0268143252E802
:10985000002F22F001010268143242E80013002BAD
:10986000F3D100BF016B01290ED100BF00BF026818
:109870000C3252E8002F22F0100102680C3242E84C
:109880000013002BF3D100BF202180F842100021EB
:109890000163704710B504462068C06820F040009E
:1098A0002168C860202084F841002046FDF776FA40
:1098B000002010BD00BF00BF02680C3252E8002F2C
:1098C00022F0C00102680C3242E80013002BF3D1F1
:1098D00000BF202180F841107047F8B504460025EC
:1098E000002694F84200222873D1A068B0F5805F6A
:1098F0000BD1206948B9A66A20684068C0F3080007
:109900003080A06A801CA06214E0A56AA068B0F54F
:10991000805F03D0A06828B9206918B92068406822
:10992000287004E02068406800F07F002870A06A7A
:10993000401CA062E08D401E80B2E085002846D128
:109940002068C06820F020002168C8602068C068D6
:1099500020F480702168C8602068406920F0010010
:1099600021684861202084F8420000206063206B59
:10997000012826D10020206300BF00BF21680C31E0
:1099800051E8001F21F0100021680C3141E800026D
:10999000002AF3D100BF2068006800F010001028F2
:1099A0000AD100BF00200090206800680090206865
:1099B0004068009000BF00BFA18D2046FCF77FFDEE
:1099C00002E02046FDF72AF90020F8BD01E0002062
:1099D000FBE70220F9E700002DE9F84F0446206874
:1099E000006920F44050E16808432168086121695A
:1099F000A068084361690843E16908430090206852
:109A0000C06849F20C618843009908432168C86026
:109A10002068406920F44070A169084321684861CA
:109A200076492068884203D075492068884203D16E
:109A3000FBF788FB814602E0FBF774FB8146E06997
:109A4000B0F5004F6CD102206168A0FB01500346C5
:109A50001920A9FB007001462A463846F6F7B0FBEC
:109A60006421B0FBF1F04FEA001A02206168A0FB0C
:109A700001510B461920A9FB00712A463846F6F71A
:109A80009FFB834602206168A0FB0150034619201A
:109A9000A9FB00712A463846F6F792FB6421B0FB19
:109AA000F1F000EBC00101EB0010ABEB80003221C4
:109AB00001EBC0006421B0FBF1F000F0F8000AEB0C
:109AC000400A02206168A0FB015003461920A9FB4F
:109AD000007001462A463846F6F772FB834602209C
:109AE0006168A0FB015003461920A9FB00712A46BA
:109AF0003846F6F765FB6421B0FBF1F000EBC001DE
:109B000001EB0010ABEB8000322101EBC0006421BF
:109B1000B0FBF1F000F007005044216888606AE073
:109B200004206168A0FB015003461920A9FB0070C6
:109B300001462A463846F6F743FB82460420616810
:109B4000A0FB015003461920A9FB007001462A46DC
:109B50003846F6F735FB6421B0FBF1F000EBC001AD
:109B600001EB0010AAEB8000322101EB0010642110
:109B7000B0FBF1F000F0F00A04206168A0FB017076
:109B800003461920A9FB00513A462846F6F718FB70
:109B90006421B0FBF1F00AEB001A04206168A0FB1D
:109BA00001510B461920A9FB00712A463846F6F7E9
:109BB00007FB834604206168A0FB0150034619207F
:109BC000A9FB007001462A463846F6F7F9FA6421E7
:109BD000B0FBF1F000EBC00101EB0010ABEB80003B
:109BE000322101EB00106421B0FBF1F000F00F0016
:109BF000504421688860BDE8F88F000000100140E3
:109C00000014014077B581B0044615460298A06261
:109C1000A58500206064222084F842002C48E16B76
:109C2000C8632C48E16B08642B48E16BC8640020D2
:109C3000E16B086502AE32682368191D2B46E06BA4
:109C4000FAF764FF38B110206064202084F84200E5
:109C5000012004B070BD00BF0020009020680068A3
:109C6000009020684068009000BF00BF206970B17C
:109C700000BF00BF21680C3151E8001F41F4807023
:109C800021680C3141E80002002AF3D100BF00BF77
:109C900000BF2168143151E8001F41F00100216824
:109CA000143141E80002002AF3D100BF00BF00BF19
:109CB0002168143151E8001F41F04000216814313F
:109CC00041E80002002AF3D100BF0020C1E70000F4
:109CD000EB9600089F9700089B960008014691F8B4
:109CE0004100212828D18868B0F5805F0BD1086930
:109CF00048B90A6A1088C0F308000B685860086AFF
:109D0000801C086205E00B6A581C086218780B6812
:109D10005860C88C401E80B2C88458B90868C068B2
:109D200020F080000B68D8600868C06840F04000F0
:109D30000B68D860002070470220FCE738B51C484B
:109D4000F7F75AFD1A48006800681A49084040B3FE
:109D500017480068C068084018B300BF0020009092
:109D6000134800680068009011480068406800903F
:109D700000BF00BF0E48808D0D49C96B0968496856
:109D8000401A84B20A48FCF79BFB1CB10848FCF758
:109D900045FF05E04FF4807207490548F7F70DFDD0
:109DA00000BF0348FCF7F0FB0148F7F725FD38BD7D
:109DB000781D002010000010C817002038B51C487E
:109DC000F7F71AFD1A48006800681A49084040B3BE
:109DD00017480068C068084018B300BF0020009012
:109DE00013480068006800901148006840680090BF
:109DF00000BF00BF0E48808D0D49C96B09684968D6
:109E0000401A84B20A48FCF75BFB1CB10848FCF717
:109E100005FF05E04FF4807207490548F7F7CDFCD0
:109E200000BF0348FCF7B0FB0148F7F7E5FC38BD7D
:109E3000C01D002010000010C818002010B50348F5
:109E4000FCF7A2FBFDF7CCFF10BD0000081E0020B0
:109E500010B5FAF7B7FF41F28831884210D3FAF70C
:109E6000B1FF0F49096801F5FA71884217D3FAF773
:109E7000A9FF0B49086020210A48FAF793FF0EE07A
:109E8000FAF7A0FF064909686431884207D3FAF758
:109E900099FF0349086020210248FAF783FF10BDAB
:109EA000D80000200008024010B502460023002020
:109EB00004E0145C1C44A3B2441CA0B28842F8DB4A
:109EC000184610BD70B505460C46022C01D2002084
:109ED00070BD601E81B22846FFF7E6FFC1B2601E6A
:109EE000285C814201D10120F2E70020F0E700BFA9
:109EF000FEE703B401984100009850EAC12018BF62
:109F000004204A0D18BF40F0010040F2FF72B2EB8E
:109F1000515F08BF40F00200012808BF052002B0D1
:109F200070474100080218BF04200A0E18BF40F015
:109F300001004FF07F4232EA010108BF40F0020009
:109F4000012808BF0520704702480068C0F30220BE
:109F5000704700000CED00E010B5002804DB0A0794
:109F6000130E054A135406E00A07140E034A00F0C4
:109F70000F031B1FD45410BD00E400E018ED00E0F7
:109F800000487047C017002070B59B482DED020BAC
:109F90002DED068B079D25F00044A04218DC974864
:109FA000844202DC0AD1069840B19DED060BBDEC5F
:109FB000068B02B0BDE8704001F0E2BF002DCCBFBF
:109FC0009FED8F0B9FED900BBDEC068B02B070BD2B
:109FD0008F48A04215DD8F48A042D8BF4FF0FF3414
:109FE00058DD9DED060B51EC100BFFF782FF0428A6
:109FF00008BF01F0F9FF9DED060BBDEC068B02B02A
:10A0000070BD9DED060B51EC100B05F0BFFBCDE9CB
:10A01000060181489FED828BA0423CDD8248A04230
:10A020001FDD00249FED82AB9DED060B53EC1A2B38
:10A0300051EC100BF6F77DF99DED060B41EC190B79
:10A0400053EC1A2B51EC100BF6F71AFA53EC182BB1
:10A05000F6F710FA53EC192BF6F784FACDE906015E
:10A0600049E09DED060B012453EC182B51EC100B2D
:10A07000F6F75FF99DED060B41EC190B53EC182B2D
:10A0800051EC100BF6F7F6F953EC192BF6F76AFAC8
:10A09000CDE906012FE06848A0421FDD02249FEDB4
:10A0A000689B9DED060B53EC192B51EC100BF6F74A
:10A0B000E7F953EC182BF6F73CF99DED060B41EC54
:10A0C000180B53EC192B51EC100BF6F7D3F953EC9A
:10A0D000182BF6F747FACDE906010CE09DED060BCB
:10A0E000032453EC102B9FED580B51EC100BF6F79B
:10A0F00039FACDE906019DED060B53EC102B51EC1E
:10A10000100BF6F7BDF941EC180B53EC182BF6F7D2
:10A11000B7F941EC190B4E480621B0EE490AF0EEB2
:10A12000690A784401F000FE53EC182B51EC100B37
:10A13000F6F7A6F941EC180B4648B0EE490AF0EEE6
:10A14000690A0521784401F0EFFD53EC192B51EC1D
:10A15000100BF6F795F941EC100B51EC180B53EC82
:10A16000102B002C0EDAF6F7E4F89DED061B53ECED
:10A17000112BF6F785F99DED061B53EC112BF6F725
:10A180007CF935E0F6F7D5F89DED061B53EC112B65
:10A19000F6F776F941EC100B2F48784400EBC40039
:10A1A00090ED001B51EC100B53EC112BF6F762F9FC
:10A1B0009DED061B53EC112BF6F75CF941EC100BEF
:10A1C0002648784400EBC40090ED001B51EC100BC6
:10A1D00053EC112BF6F751F941EC100B002DA2BFF7
:10A1E000BDEC068B02B070BD51EC100B81F000414C
:10A1F00041EC100B01E70000000010440000F07F6C
:10A20000182D4454FB21F93F182D4454FB21F9BF6C
:10A210000000DC3F0000203E0000F33F0000000093
:10A22000000000000000F03F0000E63F00000000DA
:10A23000000000000000004000800340000000001B
:10A24000000000000000F83F000000000000F0BF28
:10A2500092BB000048BB0000D2BA00008ABA0000DE
:10A2600070B56B4E2DED040B2DED028B82B0DDF839
:10A270001CC0DDE905235C422CF000411C4341EA8F
:10A28000D474049D22F00040B44205D86C422C43A3
:10A2900040EAD474B4420BD99DED061B9DED040B2E
:10A2A00002B0BDEC028B04B0BDE8704001F072BE9C
:10A2B000ACF14054A4F17F641C430BD0022404EAA7
:10A2C000AC7444EAD27405439FED538B9FED542B3D
:10A2D00007D015E09DED040B51EC100B03F0B4F822
:10A2E00042E0002C11BF012C9DED040B02B0BDEC2F
:10A2F000028B04BF04B070BD022C38D0032C3BD0BD
:10A300000B439FED491B9FED4A0B0AD0B14218D178
:10A31000B04209D121F0804120F0804007910590A2
:10A320000FE0002A15DA10E0434B7B44002C08BFF5
:10A3300093ED000B0DD0012C10D0022C17D0032C64
:10A340001AD0B0421DD1002A03DAB0EE410AF0EE75
:10A35000610A02B0BDEC028B04B070BD93ED000B3E
:10A3600051EC100B81F0004141EC100BF1E7B0EE25
:10A37000480AF0EE680AECE7B0EE420AF0EE620A34
:10A38000E7E7401A00153C28C8BF8DED000B19DC2B
:10A39000BCF1000FBEBF10F13C0F9FED290B8DEDFE
:10A3A000000B0FDB9DED060B53EC102B9DED040B0A
:10A3B00051EC100BF6F7D6F805F0E8F903F044F885
:10A3C000CDE90001002C08BF9DED000BC1D0012C90
:10A3D00010D0022C9FED1C0B53EC102B9DED000BAD
:10A3E00051EC100B0DD0F6F745F853EC182BF6F79F
:10A3F00041F8B9E7019880F0004001909DED000B15
:10A40000A7E7F6F737F853EC182BF6F736F8ABE773
:10A410000000F07F00000000182D4454FB2109408B
:10A42000182D4454FB2109C0182D4454FB21F9BFB9
:10A43000182D4454FB21F93F72BA000000000000BF
:10A440000000000000000000075C143326A6A13CB9
:10A4500010B52F499FED2C1B2DED020B84B00598F4
:10A4600020F000408842D8BF9DED040B2DDD294926
:10A47000884209D1049840B94FF0010001F092FEE2
:10A4800001F092FD06B010BD05DB9DED040B01F05F
:10A4900077FD06B010BD68469DED040B01F070F924
:10A4A00010F0030004BF9DED021B9DED000B0CD0CE
:10A4B00001280ED09DED021B9DED000B022817D048
:10A4C000012001F0ADFC06B010BD01F075FB06B037
:10A4D00010BD9DED021B9DED000B012001F0A0FCC5
:10A4E00051EC100B81F0004106B041EC100B10BD97
:10A4F00001F062FB51EC100B81F0004106B041EC21
:10A50000100B10BD00000000000000000000000063
:10A51000FB21E93F0000F07F10EE101A08B5444A15
:10A520006846B2EB410F28D94FF0E640B0EB410F3F
:10A5300094BF00204FF0FF3000900098002861DBAE
:10A5400060EE000A10F0010F45D010F0020FDFEDB1
:10A55000391A9FED391A00EEE11ADFED381A40EE94
:10A56000811A21EEA01AF0EE400A40EE010A08BF5F
:10A57000F1EE600AB0EE600A08BD314B21F00042F6
:10A5800093423CD911F0004FDFED2E0A20EE201A45
:10A59000DFED2D0A19BF31EE601A71EE200A31EE9F
:10A5A000201A71EE600ABDEEE01A11EE100A9FED5E
:10A5B000271A00F0030000EEC10A9FED251A009053
:10A5C00000EEC10A9FED231A00EEC10A9FED221A88
:10A5D00000EEC10AB1E79FED211A9FED210A10F0AC
:10A5E000020F00EE810A9FED1F1A00EE801AB7EEEF
:10A5F000000A00EE810A18BFB1EE400A08BD01F062
:10A6000017FD9AE710EE100A4000B0F17F4F3CBFF3
:10A61000B7EE000A08BD07D14FF0010001F0C2FDFE
:10A62000BDE8084001F0F4BCBDE8084001F0ECBC16
:10A63000B61F927E336D4C39DA82083CA0AA2ABE3E
:10A64000490E494683F9223F0000004B0000C93FF4
:10A6500000A0FD390020A2331A61342CB93AB2BAF5
:10A66000CA9F2A3DDDFFFFBE2DED020B019820F0B1
:10A67000004001909DED000B02B0704710B52DED2C
:10A68000040B86B09DED060B10EE100A10EE901A2A
:10A690008DED000B002818BF0120084320F000407A
:10A6A000C0F17F6000F1E040C00F21D19DED080BAB
:10A6B00010EE101A10EE900A8DED000B002918BF55
:10A6C0000121084320F00040C0F17F6000F1E0402C
:10A6D000C00F0DD129490798B1EB400F04BF069870
:10A6E000002842D00998400004BF089800283CD0B8
:10A6F0009DED080B53EC102B9DED060B51EC100B50
:10A70000F6F755FACDE902019DED020B40F2FF711B
:10A7100010EE900A8DED000B31EA105021D0079811
:10A72000039900F0004001F00041884219D09DEDEE
:10A73000080B8DED040B9DED020B8DED000B10EE63
:10A74000900A059961F31E0005909DED041B9DED97
:10A75000020B51EC110B53EC102BF5F78EFECDE9EB
:10A7600002019DED020B0AB010BD012001F01AFD9F
:10A770000AB0BDE8104001F017BC00000000E0FF87
:10A7800010B52DED028BF0EE408A18EE900AB0EE77
:10A79000608A20F00040C0F1FF40C00F07D118EEE2
:10A7A000100A20F00040C0F1FF40C00F2BD018EE7F
:10A7B000101A18EE900AF6F70CF900EE100A10EED7
:10A7C000100A6FEAD05010F0FF0F04BFBDEC028BEF
:10A7D00010BD18EE900A00F0004110EE100A00F0D3
:10A7E0000040814204BFBDEC028B10BD18EE101A70
:10A7F00010EE100ABDEC028B61F31E0000EE900A11
:10A8000030EE600A10BD18EE900A4FF07F41B1EBB8
:10A81000400F1CBF18EE100A5FEA4000C7D10120AC
:10A8200001F0C0FCBDEC028BBDE8104001F0F0BBB4
:10A830002DE9F04D2DED040B2DED0E8B96B0DDE9DD
:10A840002550279CDDF890A025F0004624F0004814
:10A85000BAF1000F14BF0121002101EB4502FC49B0
:10A8600053184A1093422AD3002814BF012300230F
:10A8700003EB44030B44F7498B4220D358EA000111
:10A880009FEDF59B76D0DFF8D8B35D4503D1BAF1E3
:10A89000000F05D188E0BAF1000F08BF002100D0F9
:10A8A000012101EB450111F5001F08D8002814BF54
:10A8B0000121002101EB440111F5001F0BD99DED91
:10A8C000261B9DED240B16B0BDEC0E8B04B0BDE82D
:10A8D000F04D01F05FBB0027002DBCBFE14988456A
:10A8E00021DAE1498845A8BF02271CDAC3451ADCF2
:10A8F000DE4901EB2851142908DDC1F1340220FAA8
:10A9000002F101FA02F282420DD108E058B9C1F118
:10A91000140228FA02F101FA02F2424503D101F0D1
:10A920000101C1F1020756EA0A0124D1002C22DA02
:10A93000002D18BF022F01D0012F0AD0022001F0F4
:10A9400031FC16B0BDEC0E8B04B0BDE8F04D01F04B
:10A95000FFBA022001F026FC01F0FAFA51EC100BCC
:10A9600081F0004141EC100B16B0BDEC0E8B04B031
:10A97000BDE8F08D18E09FEDBEAB9FEDBF8B0028CA
:10A9800071D1B848804522D105F1804010F5801082
:10A9900008BFBAF1000F07D0B3450ADC002CA8BFEE
:10A9A0009DED260BE0DA0DE0B0EE490AF0EE690A03
:10A9B000DAE7002C06DA9DED260B51EC100B81F046
:10A9C00000416FE0AE48784490ED000BCCE7D845ED
:10A9D0004DD1002C48DA2EB186423AD1BAF1000F9F
:10A9E00042D126E0BAF1000F13D0022001F0DAFBC9
:10A9F00001F0EAFA8DED020B9DED240B8DED000BBD
:10AA000010EE900A039961F31E0003909DED020B76
:10AA1000AAE78DED02AB9DED240B1AEE901A10EE15
:10AA2000900A8DED000B61F31E0003909DED020B6B
:10AA30009AE78DED028B9DED240B18EE901A10EE27
:10AA4000900A8DED000B61F31E0003909DED020B4B
:10AA50008AE709DA9DED240B51EC190B53EC102B0E
:10AA6000F5F780FD1EE020E09DED240B7CE786429B
:10AA70001BDAB4F1804F0DD0A4F10050B0F1FF50BB
:10AA800013D1002D11DB9DED240B51EC100B0AF0BE
:10AA9000C9FE07E09DED240B53EC102B51EC100B7D
:10AAA00000F0C2BC41EC100B5EE79DED240B51ECB5
:10AAB000100B04F06BFEBAF1000FCDE90E0142D18C
:10AAC0009FED710B46B3A6F1E040B0F17F600CD072
:10AAD0005E4538D1002D00DAA7B3022F0CBF01204C
:10AAE0004FF0FF30F5F7ADFDDCE7002D01DD002C68
:10AAF0000DDA002D01DD002C1FDB002D16DA002CF5
:10AB000014DB012F08BF9FED620B3FF42DAFB0EEB9
:10AB10004A0AF0EE6A0A27E7022F18BF002D0CD070
:10AB2000012F0AD1002DFFF61FAF06E0002DB8BFA0
:10AB3000002C08DA012F3FF417AFB0EE480AF0EE10
:10AB4000680A11E71BE0012000EBE57050EA0701FD
:10AB500015D0791EB0EE498AF0EE698A084308BF25
:10AB60009FED4D8B4E480025804570DD4D494E4888
:10AB7000884514DDB0420DDB002C19DB2FE00120ED
:10AB800001F010FB16B0BDEC0E8B04B0BDE8F04D2B
:10AB900001F00ABAB34502DC002C09DC1FE0864252
:10ABA00002DA002C1BDA03E05E452BDD002C16DDFB
:10ABB000022001F0F7FA01F007FA8DED020B53ECD9
:10ABC0001A2B51EC180BF5F75BFCCDE9000103994A
:10ABD000019861F31E0003909DED020BC4E6022074
:10ABE00001F0E0FA01F000FA10EE901A18EE900A67
:10ABF0008DED020B8DED008B61F31E0003909DED3A
:10AC0000020BB1E69DED0E0B53EC192B51EC100B22
:10AC1000F5F730FC9FED260BCDE9080153EC102B26
:10AC20009DED080B51EC100BF5F72AFC9FED221B54
:10AC300053EC112BF5F721FC9DED081B53EC112B68
:10AC4000F5F71EFC9FED1E1B53EC112B3CE08CE036
:10AC5000FFFF1F00FFFF0F00000000000000F03F9B
:10AC60000000F03F0000F07F0000404301FCFFFFC8
:10AC7000000000000000F07F000000000000000065
:10AC8000D6B30000000000000000000000000080BB
:10AC9000000000000000F0FF000000000000F0BF16
:10ACA0000000E0410000F043FFFFEF3F0000000024
:10ACB000000000000000D03F555555555555D53F73
:10ACC000000000000000E03FF5F7D7FB9DED080B0A
:10ACD00041EC1A0B53EC102B51EC100BF5F7D0FB99
:10ACE00053EC1A2BF5F7CCFB41EC1A0B9FEDFE0B46
:10ACF00053EC102B9DED080B51EC100BF5F7C0FB3E
:10AD000041EC1B0B9FEDFA0B51EC1A0B53EC102B83
:10AD1000F5F7B6FB41EC1A0B9FEDF70B53EC102B3C
:10AD20009DED080B51EC100BF5F7AAFB53EC1A2B19
:10AD3000F5F7A0FB41EC1A0B51EC1B0B53EC1A2B53
:10AD4000F5F7F7FA0690CDE906519DED060B53ECA9
:10AD50001B2B51EC100BF5F78DFB53EC1A2BF5F771
:10AD60008CFB41EC100B00F0A1B90020B6F5801F60
:10AD70000EDA9FEDE30B53EC102B9DED0E0B51EC17
:10AD8000100BF5F77DFBCDE90E016FF034000E4698
:10AD900000EB2650A0F2FF37C6F31300DA4940F06B
:10ADA0007F6646F040568842D8BF002408DDD74968
:10ADB0008142C8BF012403DC0024A6F580167F1C55
:10ADC000D348784400EBC4000F9690ED00CB9DED86
:10ADD0000E0B53EC1C2B51EC100BF5F74BFB9DEDC0
:10ADE0000E0B41EC1B0B53EC1C2B51EC100BF5F72D
:10ADF000A0FA41EC100B51EC190B53EC102BF5F7AA
:10AE0000B1FB41EC1D0B51EC1B0B53EC1D2BF5F76B
:10AE100037FB41EC1A0BBF488DED10AB7844109511
:10AE200090ED000B4FF0005040EA660000EB8440CC
:10AE30008DED080B00F5002009909DED080B53ECFB
:10AE40001C2B51EC100BF5F715FB9DED0E1B53EC75
:10AE5000112BF5F712FB41EC100B53EC102B9DED71
:10AE6000100B51EC100BF5F70BFB9DED080B41ECB3
:10AE70001C0B53EC102B9DED100B51EC100BF5F748
:10AE8000FFFA53EC1B2BF5F7F8FA53EC1C2BF5F7F4
:10AE9000F1FA53EC1D2BF5F7F3FA41EC1C0B53ECD4
:10AEA0001A2B51EC1A0BF5F7EBFA41EC1B0B9A48F5
:10AEB0000621B0EE4B0AF0EE6B0A784400F034FF46
:10AEC000B0EE401AF0EE601AB0EE41DAF0EE61DA60
:10AED00053EC1B2B51EC1B0BF5F7D2FA53EC1D2B4B
:10AEE000F5F7CEFA9DED100B41EC1B0B53EC1A2B32
:10AEF00051EC100BF5F71DFA53EC1C2BF5F7C0FACB
:10AF000053EC1B2BF5F715FA9DED100B41EC1B0BC9
:10AF100053EC102B51EC100BF5F7B2FA41EC1D0B72
:10AF20009FED7FEB53EC1E2BF5F703FA53EC1B2B35
:10AF3000F5F7FFF90890CDE908519DED080B53ECAA
:10AF40001E2B51EC100BF5F795FA53EC1D2BF5F772
:10AF500091FA53EC1B2BF5F790FA9DED080B41ECA1
:10AF60001D0B53EC102B9DED100B51EC100BF5F756
:10AF700087FA41EC1B0B53EC1A2B51EC1D0BF5F728
:10AF80007FFA9DED080B41EC1A0B53EC102B51ECA2
:10AF90001C0BF5F775FA53EC1A2BF5F7CAF941ECCF
:10AFA0001A0B51EC1B0B53EC1A2BF5F7C2F90C9052
:10AFB000CDE90C519DED0C0B53EC1B2B51EC100B00
:10AFC000F5F758FA53EC1A2BF5F757FA41EC1B0B2F
:10AFD0009FED550B53EC102B9DED0C0B51EC100B12
:10AFE000F5F74EFA41EC1A0B9FED510B51EC1B0B90
:10AFF00053EC102BF5F744FA41EC1B0B9FED4E0B75
:10B0000053EC102B9DED0C0B51EC100BF5F738FAAF
:10B0100053EC1B2BF5F78DF941EC100B48487844A5
:10B0200000EBC40090ED001B51EC100B53EC112B06
:10B03000F5F77FF941EC1B0B3846F5F702FBCDE93C
:10B04000080153EC1B2B51EC1A0BF5F772F941EC8C
:10B05000100B3C48784400EBC40090ED00CB51EC61
:10B06000100B53EC1C2BF5F764F99DED081B53EC0A
:10B07000112BF5F75EF90690CDE906519DED080B11
:10B0800053EC102B9DED060B51EC100BF5F7F2F97C
:10B0900053EC1C2BF5F7EEF953EC1A2BF5F7EAF904
:10B0A00053EC1B2BF5F7E9F941EC100B9DED261B3A
:10B0B00053EC102B8DED001B00959DED260B51ECF4
:10B0C000100BF5F7DDF99DED000B41EC1A0B53EC7D
:10B0D000102B9DED260B51EC100BF5F7CBF99DEDE8
:10B0E000061B53EC112B2FE0000000604715F73FC3
:10B0F000FE822B654715F73F44DF5DF80BAE543EEB
:10B1000000000000000040438E9803007AB60B0058
:10B1100022AF000080AF00005AAE00000000000027
:10B120000000000000000840000000E009C7EE3FFA
:10B13000FD033ADC09C7EE3FF5015B14E02F3EBE8C
:10B14000E6AC0000A0AC0000F5F79AF953EC1A2B1E
:10B15000F5F7EFF89DED060B41EC1A0B53EC102BB5
:10B160009DED000B51EC100BF5F78AF9CDE90C01C0
:10B170009DED0C0B51EC1A0B53EC102BF5F7D9F895
:10B18000CDE902010C46AA498C422FDB611A084323
:10B1900018D19DED0C0B53EC102B9DED020B51ECD7
:10B1A000100BF5F767F941EC1B0B9FEDA30B51EC6E
:10B1B0001A0B53EC102BF5F7BCF853EC1B2BF5F7DF
:10B1C000C1FA2DD2022000F0EDFF00F0FDFE10EEDE
:10B1D000901A18EE900A8DED020B8DED008B61F345
:10B1E0001E0003909DED020BFFF7BEBB944A24F0B6
:10B1F0000041914214D39349214408437FF4EFACBA
:10B200009DED0C0B53EC102B9DED020B51EC100B34
:10B21000F5F730F953EC1A2BF5F794FA7FF6DFAC1B
:10B2200024F000408849894A002601EB20518242DF
:10B230002BDA481C4FF4801121FA00F02044844A94
:10B24000C0F30A517A44A1F2FF3192ED000B814A1A
:10B250008DED080BCA4020EA0202C0F3130040F44F
:10B260008010C1F1140120FA01F60992002CB8BF38
:10B2700076429DED080B53EC102B9DED0C0B51EC21
:10B28000100BF5F7F7F8CDE90C019DED0C0B51EC27
:10B290001A0B53EC102BF5F74CF89FED6F0B089041
:10B2A000CDE9085153EC102B9DED080B51EC100B20
:10B2B000F5F7E6F841EC1B0B9FED690B53EC102BF7
:10B2C0009DED080B51EC100BF5F7DAF89DED0C0B2A
:10B2D00041EC1C0B53EC102B9DED080B51EC100BAB
:10B2E000F5F7C8F853EC1A2BF5F7C7F89FED5E1B7E
:10B2F00053EC112BF5F7C4F853EC1C2BF5F719F8A8
:10B3000041EC1A0B51EC1B0B53EC1A2BF5F711F80F
:10B31000CDE902019DED020B53EC1B2B51EC100B00
:10B32000F5F7A8F853EC1A2BF5F7A7F89DED020BEB
:10B3300041EC1A0B53EC102B51EC100BF5F7A0F865
:10B34000CDE908014A489DED080B0521784400F03D
:10B35000EBFC9DED081B51EC100B53EC112BF5F79A
:10B360008FF89DED021B53EC112BF5F786F8CDE914
:10B3700006019DED020B53EC1A2B51EC100BF5F767
:10B380007FF853EC1A2BF4F7D4FF9FED3B0B41EC05
:10B390001A0B53EC102B9DED060B51EC100BF5F72F
:10B3A00069F89DED060B41EC1B0B53EC102B9DED4A
:10B3B000020B51EC100BF5F763F853EC1B2BF5F770
:10B3C000D1F853EC1A2BF5F755F89DED021B53EC11
:10B3D000112BF5F74FF853EC192BF5F74EF8CDE993
:10B3E000020101EB065001150029C8BF039015DCCE
:10B3F0009DED020B324651EC100BF5F770FBFEF79A
:10B4000078FD042808BF00F0EFFD32469DED020BE9
:10B4100051EC100BF5F763FBCDE902019DED020B3A
:10B4200051EC180B53EC102BF5F72AF8FFF73ABB49
:10B430000000904000000000FE822B654715973CFD
:10B4400000CC904000346F3F01FCFFFF0000E03F64
:10B4500058AB0000FFFF0F0000000000432EE63F46
:10B46000396CA80C615C20BEEF39FAFE422EE63F33
:10B47000F8A90000000000000000000000000040EB
:10B4800010B52F499FED2C1B2DED020B84B00598B4
:10B4900020F000408842DCBF00209DED040B32DD2F
:10B4A0002849884209D1049840B94FF0010000F0C2
:10B4B00079FE00F079FD06B010BD05DB9DED040BB3
:10B4C00000F05EFD06B010BD68469DED040B00F077
:10B4D00057F910F0030011D0012818D09DED021B80
:10B4E0009DED000B02281AD000F066FB51EC100B0A
:10B4F00081F0004106B041EC100B10BD9DED021B28
:10B500009DED000B012000F08BFC06B010BD9DED01
:10B51000021B9DED000B00F04FFB06B010BD01209B
:10B5200000F07EFC51EC100B81F0004106B041ECC4
:10B53000100B10BD00000000000000000000000023
:10B54000FB21E93F0000F07F00B510EE101A2DED51
:10B55000028B81B0524A6846B2EB410F2ED94FF0B0
:10B56000E640B0EB410F94BF00204FF0FF30009059
:10B570000098B0EE408A00286ADB10F0010F4BD033
:10B5800068EE080A9FED471A9FED470A00EE810A10
:10B590009FED461A10F0020F00EE801AB7EE000A77
:10B5A00000EE810A02BF01B0BDEC028B00BD00BFFE
:10B5B00001B0B1EE400ABDEC028B00BD3C4B21F066
:10B5C0000042934241D911F0004FDFED3A0A20EEDC
:10B5D000201ADFED390A19BF31EE601A71EE200A28
:10B5E00031EE201A71EE600ABDEEE01A11EE100A7B
:10B5F0009FED321A00F0030000EEC10A9FED301AF1
:10B60000009000EEC10A9FED2F1A00EEC10A9FEDD7
:10B610002E1A00EEC10AABE728EE080A9FED2B1A9E
:10B62000DFED2B0A10F0020F40EE410A9FED291AC0
:10B6300000EE201A61EE000AB0EE480A08EE200A79
:10B64000B6D101B0BDEC028B00BD00F0F1FC8FE77C
:10B6500018EE100A4000B0F17F4F0DD218EE100A1C
:10B66000FEF75FFC042808BF00F0DAFCB0EE480AE1
:10B6700001B0BDEC028B00BD09D1012000F092FDAC
:10B6800001B0BDEC028B5DF804EB00F0C1BC01B071
:10B69000B0EE480ABDEC028B5DF804EB00F0B4BCE0
:10B6A000B61F927EB93AB2BACA9F2A3DDDFFFFBEED
:10B6B000490E494683F9223F0000004B0000C93F74
:10B6C00000A0FD390020A2331A61342C336D4C39AF
:10B6D000DA82083CA0AA2ABE00B52DED048BB0EE9C
:10B6E000409AF0EE609A83B051EC190BF5F70EFA20
:10B6F00041EC180B18EE100A18EE901A8DED008B25
:10B70000002818BF0120084320F00040C0F17F60EE
:10B7100000F1E040C00F14D019EE101A19EE900A93
:10B720008DED009B002918BF0121084320F0004047
:10B73000C0F17F6000F1E040C00F04BF012000F0C5
:10B7400031FDB0EE480A03B0F0EE680ABDEC048BA0
:10B7500000BD00000000000000B583B09FED060BA7
:10B760000A4601468DED000B6846F5F7C8F89DEDD9
:10B77000000B03B000BD000000000000000000004E
:10B780002DE9F14F04462DED020B2DED088B8AB00B
:10B790009FEDE70B80ED020B139EE74826F0004576
:10B7A00085420ADC9DED120B002084ED000B0AB0EF
:10B7B000BDEC088B03B0BDE8F08FE0489FEDE0AB37
:10B7C0009FEDE1BBA84247DDE14F9FEDE39B9FED7D
:10B7D000E48B9DED120B53EC1A2B51EC100B002E49
:10B7E0001CDDF4F747FE41EC100BBD4208D053ECD2
:10B7F0001B2B51EC100BF4F73DFEC4E900010BE0EC
:10B8000053EC192B51EC100BF4F734FE53EC182BBE
:10B81000F4F730FEC4E900010120C8E7F4F789FD20
:10B8200041EC100BBD4208D053EC1B2B51EC100B1C
:10B83000F4F77FFDC4E900010BE053EC192B51EC48
:10B84000100BF4F776FD53EC182BF4F772FDC4E9F6
:10B8500000014FF0FF30AAE7C348A84279DB9DED15
:10B86000120B51EC100B03F091FF41EC180B9FED04
:10B87000C00B53EC102BF4F703FE9FEDBF1B53ECF2
:10B88000112BF4F756FDF4F7FAFE0746F4F7D9FE4C
:10B8900041EC190B53EC1A2BF4F7F2FD53EC182B77
:10B8A000F4F7EBFD41EC180B53EC1B2B51EC190B8F
:10B8B000F4F7E6FDDFF8C8A241EC100B4FEA15588B
:10B8C0000125FA4453EC102B51EC180BF4F7D2FD80
:10B8D000032DC4E900013DD0C1F30A5005EB451129
:10B8E000A8EB00001139814234DA0AEB051BB0EEF7
:10B8F00048AA9BED000BF0EE68AA53EC102B51EC1C
:10B90000190BF4F7BDFD41EC1B0B51EC1A0B53EC7A
:10B910001B2BF4F7AFFD41EC180B51EC1A0B53EC59
:10B92000182BF4F7A7FD53EC1B2BF4F7A3FD9BEDAD
:10B93000020B41EC1A0B53EC102B51EC190BF4F7E2
:10B940009FFD53EC1A2BF4F795FD41EC100B6D1C89
:10B95000B8E70EE0002EA8BF3846BFF628AF94ED3A
:10B96000000B51EC100B81F00041C4E9000178425A
:10B970001DE7C6F3130040F4801EC6F30A50A0F280
:10B98000F530471100F01F05C5F12000DDF848B083
:10B9900008900020069007900520EC467949002D7C
:10B9A00007EB0002794408BF51F8221009D051F882
:10B9B000223001EB8201AB404A68089922FA01F17A
:10B9C0001943A1FB0E26A1FB0B131A449A4234BF64
:10B9D0000123002303EB06080CEB8003D3E901A647
:10B9E0000E448E4234BF0121002192448A4411B199
:10B9F000924502D903E0924501D2012100E00021E5
:10BA0000C3E901A641444CF82010011EA0F1010039
:10BA1000C4DC029800F10050850F0298DDE903674D
:10BA20008000DDF81480F4F70CFE41EC1A0B304670
:10BA3000F4F718FE9FED541B53EC112BF4F720FD87
:10BA400041EC1B0B3846F4F70DFE9FED511B53ECF8
:10BA5000112BF4F715FD41EC180B4046F4F702FEEC
:10BA60009FED4D1B53EC112BF4F70AFD41EC190B24
:10BA700051EC180B53EC192BF4F75BFC53EC1B2B1C
:10BA8000F4F757FC53EC1A2BF4F753FCCDE90801FB
:10BA9000002008909DED080B53EC1A2B51EC100B75
:10BAA000F4F7E8FC53EC1B2BF4F7E4FC53EC182BF5
:10BAB000F4F7E0FC53EC192BF4F7DFFC9FED381B97
:10BAC00053EC112BF4F7DCFC9FED370B41EC180B1A
:10BAD00053EC102B9DED080B51EC100BF4F7D0FC40
:10BAE00053EC182BF4F725FC9FED310B41EC180BB0
:10BAF00053EC102B9DED080B51EC100BF4F7C0FC30
:10BB000053EC182BF4F715FC41EC100B139810F0C4
:10BB1000004F06D06D4251EC100B81F0004141EC1A
:10BB2000100B284684ED000B41E6000000000000E9
:10BB30000000000000000000FB21E93F7CD902402A
:10BB400000004054FB21F93F3163621A61B4D03DDB
:10BB5000FB21F93F000000000000601A61B4D03DF5
:10BB60007370032E8A19A33BFB21394100000000AA
:10BB700083C8C96D305FE43F000000000000E03F73
:10BB8000E2A4000030A40000000000000000103E0D
:10BB9000000000000000103C000000000000103A0F
:10BBA000182D4454FB21F93D3326A611460B113CB8
:10BBB00000000054FB21F93D10B52DED040B2DEDD7
:10BBC000088B82B0B0EE419AF0EE619A0B9820F0AB
:10BBD00000449FED4BABB4F1795F11DA9DED0A0B98
:10BBE00051EC100BF4F74BFD002801BFB0EE4A0AF0
:10BBF000F0EE6A0A02B0BDEC088B04BF04B010BDC1
:10BC00009DED0A0B53EC102B51EC100BF4F738FCA4
:10BC100041EC180B3C480621B0EE480AF0EE680AE9
:10BC2000784400F081F853EC182B51EC100BF4F72A
:10BC300027FC9DED0A0B41EC1B0B53EC192B51EC2F
:10BC4000100BF4F71DFC41EC190B53EC1B2B51ECC2
:10BC5000180BF4F715FC53EC192BF4F70BFC9FEDC4
:10BC60002C0B41EC190B53EC102B51EC180BF4F787
:10BC700007FC41EC100B2848844210DA53EC192BD6
:10BC800051EC100BF4F7F6FB53EC1A2BF4F7F5FB21
:10BC900041EC100B02B0BDEC088B04B010BD1F4886
:10BCA000A042BCBF9FED1E1B8DED001B06DBA4F563
:10BCB00000100190002000909DED001B51EC100B36
:10BCC00053EC112BF4F7D6FB9DED000B41EC180B58
:10BCD00053EC102B51EC1A0BF4F7CCFB41EC1A0B84
:10BCE00053EC192B51EC180BF4F7C4FB53EC1A2B43
:10BCF000F4F7C3FB41EC100BCCE7000000000000A0
:10BD0000000000000000F03F4CA100000000000017
:10BD1000000000000000E03F3333D33F0000E93F64
:10BD2000000000000000D23F70B504462DED028BEC
:10BD30004D1E00EBC500B0EE408AF0EE608A90ED3B
:10BD4000000B35F0060017D053EC182B51EC100BFC
:10BD5000F4F796FB41EC100B6D1E04EBC50090ED63
:10BD6000001B51EC100B53EC112BF4F7E2FA41ECF1
:10BD7000100B35F00600E7D1022D36D0042D1CD073
:10BD8000062D1CBFBDEC028B70BD53EC182B51EC83
:10BD9000100BF4F775FB94ED0A1B53EC112BF4F721
:10BDA000C8FA53EC182BF4F76BFB94ED081B53EC1B
:10BDB000112BF4F7BEFA41EC100B53EC182B51EC9D
:10BDC000100BF4F75DFB94ED061B53EC112BF4F70D
:10BDD000B0FA53EC182BF4F753FB94ED040B53EC2F
:10BDE000102BF4F7A6FA41EC100B53EC182B51EC86
:10BDF000100BF4F745FB94ED021B53EC112BF4F7F9
:10BE000098FA53EC182BF4F73BFB94ED001B53EC22
:10BE1000112BF4F78EFABDEC028B41EC100B70BDC8
:10BE200031B504462DED040B2DED0A8BB0EE41BA71
:10BE3000F0EE61BA0B989DED0A0B20F00040B0F1D6
:10BE4000795F0DDA51EC100BFEF753F8042808BFA8
:10BE500000F0CAF89DED0A0BBDEC0A8B05B030BDB1
:10BE600053EC102B51EC100BF4F70AFB41EC180BC0
:10BE70009DED0A0B53EC182B51EC100BF4F700FB63
:10BE800041EC190B2C48B0EE480AF0EE680A052187
:10BE90007844FFF749FF9FED2ACBB0EE40AAF0EEC1
:10BEA00060AA9CB353EC1C2B51EC190BF4F7E8FA85
:10BEB00041EC1C0B53EC1A2B51EC190BF4F7E0FA84
:10BEC0009FED210B41EC190B53EC102B51EC1B0B8C
:10BED000F4F7D6FA53EC192BF4F7CCFA53EC182BF1
:10BEE000F4F7CEFA53EC1B2BF4F7C4FA53EC1C2BEB
:10BEF000F4F7C0FA9DED0A1B53EC112BF4F7BDFAD1
:10BF0000BDEC0A8B05B041EC100B30BDFFE753ECE4
:10BF10001A2B51EC180BF4F7B3FA53EC1C2BF4F773
:10BF200008FA53EC192BF4F7ABFA9DED0A1B53EC0E
:10BF3000112BF4F7FEF9E3E7FC9F0000000000007E
:10BF4000495555555555C5BF000000000000E03F5C
:10BF50009FED070B10B553EC102B9FED070B51EC29
:10BF6000100BF4F7FFFA41EC100B10BD00000000BD
:10BF70000000000000000000000000000000F03F92
:10BF800010B553EC102B51EC100BF4F7D2F941EC37
:10BF9000100B10BD10B553EC112B51EC100BF4F736
:10BFA000C8F941EC100B10BD9FED050B10B553EC1B
:10BFB000102B51EC100BF4F7D5FA41EC100B10BD1F
:10BFC00000000000000000009FED050B10B553ECD1
:10BFD000102B51EC100BF4F753FA41EC100B10BD81
:10BFE00000000000000000709FED050B10B553EC41
:10BFF000102B51EC100BF4F743FA41EC100B10BD71
:10C00000000000000000001030EE000A7047000041
:10C01000DFED020A80EEA00A704700000000000079
:10C020009FED020A20EE000A704700000000001099
:10C030002DE9F0014FF07F42B2EB410F9FBF4FF06F
:10C04000FF310160BDE8F00170474FF0004242EA65
:10C050000123C1F3C752783A551112F01F0C434C1B
:10C06000CCF120067C44C1F3C752A2F178024FEA1A
:10C07000621204EB820254F8254008BFD2E901564F
:10C0800012D0556804FA0CF425FA06F73C43976879
:10C0900005FA0CF527FA06F8D26807FA0CFCF2400C
:10C0A00045EA08054CEA0206A4FB034CA5FB035233
:10C0B000A6FB03631D449D4234BF012600261319CD
:10C0C000334416B1934202D903E0934201D20122D4
:10C0D00000E00022624402F1200C9206DC0C42EAED
:10C0E000443200EE102A5B03DFED210AF8EEC01A9D
:10C0F00000EE103A4FEA9C1C11F0004FB8EE400AD7
:10C10000C0F800C020EE201A00EE105ADFED190A28
:10C11000B8EE400A20EE200A71EE810A70EE800A25
:10C1200010EE902A02F500626FF30B0200EE902AE7
:10C1300070EEE11A31EEC11ADFED101A30EE411A3D
:10C140009FED0D0A20EE800A01EE210A9FED0C1AE8
:10C1500000EE810A04BFBDE8F0017047CCF18051C8
:10C160000160BDE8F001B1EE400A7047089E000092
:10C17000000000360000802C22AAFD29DB0FC92F09
:10C180000000C92F02E008C8121F08C1002AFAD116
:10C1900070477047002001E001C1121F002AFBD147
:10C1A000704700000149086070470000C017002078
:10C1B00030380A2801D2012070470020704700B5AE
:10C1C00006F0A8FA03F04AFB00BD000010B54FF4DA
:10C1D00080610C48F8F7DEFD0B490870F5F74EFE5C
:10C1E00004F0BAFC06F0ECFD03F0DCFA0648007837
:10C1F00010B100F00BF803E002F028FAFFF7DFFFC0
:10C2000010BD000000080240A401002000B58BB062
:10C21000FE4800780B2815D2DFE810F014000B0060
:10C22000150030012903EE04700614001400BA074B
:10C23000BB07B420F649087002F052FA02F03CFC49
:10C24000FFF7BDFFFDE3F348C078C8B1F1480179BD
:10C25000407941EA002000B200EE100AB8EEC00AB0
:10C26000ED4880ED000AEB488179C07941EA002071
:10C2700000B200EE100AB8EEC00AE84880ED000AED
:10C28000E54890ED000ADFEDE60AB4EEE00AF1EED3
:10C2900010FA04DD9FEDE20A80ED000A0DE0DE48B1
:10C2A00090ED000ADFEDDF0AB4EEE00AF1EE10FADD
:10C2B00003D29FEDDC0A80ED000AD84890ED000A19
:10C2C000DFEDD70AB4EEE00AF1EE10FA04DD9FEDDF
:10C2D000D40A80ED000A0DE0D04890ED000ADFEDB1
:10C2E000D10AB4EEE00AF1EE10FA03D29FEDCD0AC6
:10C2F00080ED000A0020CC490870CC49087002F09B
:10C3000039FC02F0B3FC02F0E1FC02F00FFD02F098
:10C310003DFD02F08DFBC14890ED000AC44880ED60
:10C320001B0AC44890ED100A8DED0A0AC04890ED32
:10C330001C0A8DED090A90ED1B0A8DED080A90ED9F
:10C340000C0A8DED070A90ED090A8DED060A90EDB5
:10C350001A0A8DED050A90ED190A8DED040A0020E8
:10C360009DED0A4ADDED093A9DED083AF8EE082AFE
:10C370009FEDB12ADDED071A9DED061ADDED050AE8
:10C380009DED040A06F00AFEA94880ED050A90ED2D
:10C39000060A8DED0A0A90ED050A8DED090A90ED69
:10C3A000040A8DED080A90ED030A8DED070A90ED61
:10C3B000020A8DED060A90ED010A8DED050ADDED0C
:10C3C0000A2A9DED092ADDED081A9DED071ADDED1B
:10C3D000060A9DED050A07F0B3F8954880ED000ABE
:10C3E00006F0B6F902F0DAF902F054FA02F082FA35
:10C3F00002F0B0FA02F0DEFA02F02EF9864890ED73
:10C40000000A8E4880ED3E0A90ED460A8DED0A0A3C
:10C4100090ED3F0A8DED090A90ED3E0A8DED080A78
:10C4200090ED1B0A8DED070A90ED130A8DED060ABB
:10C4300090ED3D0A8DED050A90ED3C0A8DED040A64
:10C4400000209DED0A4ADDED093A9DED083ADFED49
:10C450007C2A9FED7C2ADDED071A9DED061ADDEDA5
:10C46000050A9DED040A04F055FC744880ED050AA8
:10C4700003F016FAB82066490870E3E66548C0780C
:10C48000C8B164480179407941EA002000B200EE69
:10C49000100AB8EEC00A6C4880ED000A5D48817948
:10C4A000C07941EA002000B200EE100AB8EEC00ADE
:10C4B000664880ED000A654890ED000A644880ED0A
:10C4C000000A614890ED000A624880ED000A5E486B
:10C4D00090ED000ADFED600AB4EEE00AF1EE10FA2A
:10C4E00008DD90ED000ADFED5D0A30EE600A80EDB8
:10C4F000000A11E0544890ED000ADFED590AB4EE4D
:10C50000E00AF1EE10FA07D290ED000ADFED530ACF
:10C5100030EE200A80ED000A4C4890ED000ADFED75
:10C52000510AB4EEE00AF1EE10FA04DD9FED4D0A77
:10C5300080ED000A0DE0454890ED000AF8EE080A8B
:10C54000B4EEE00AF1EE10FA03D2B8EE080A80ED7C
:10C55000000A0020344908703449087002F00AFBD0
:10C5600002F084FB02F0B2FB02F0E0FB02F00EFCF2
:10C5700002F05EFA02F02EFC344890ED000A2C48DE
:10C5800080ED220A90ED230A8DED0A0A90ED220A31
:10C590008DED090A90ED210A8DED080A90ED200A33
:10C5A0008DED070A90ED1F0A8DED060A2E4890EDDD
:10C5B000000AF8EE080A30EE200A8DED050A90ED2B
:10C5C000000ADFED1D0A30EE200A8DED040A18483E
:10C5D00090ED090A8DED030A90ED1E0A8DED020A19
:10C5E00090ED1D0A8DED010A0020DDED0A4A9DED5A
:10C5F000094ADDED083A9DED073ADDED062A9DED8D
:10C60000052ADDED041A9DED031A2FE084010020B8
:10C61000CC010020C8190020600100206401002026
:10C6200000004842000048C2A6010020A7010020E7
:10C63000CC3C0020283E00200000AA42483B0020BD
:10C6400000003543000035C3680100206C01002064
:10C65000C8010020C4010020000034430000B4439E
:10C66000000034C30000A442E4010020DDED020A12
:10C670009DED010A07F040F8FE4880ED1B0AFE48D8
:10C6800090ED100A8DED0A0AFA4890ED1C0A8DED26
:10C69000090A90ED1B0A8DED080AF84890ED000A92
:10C6A000F8EE080A30EE200A8DED070A90ED000A38
:10C6B0005FED1F0A30EE200A8DED060AED4890ED81
:10C6C0000C0A8DED050A90ED090A8DED040A90ED36
:10C6D0001A0A8DED030A90ED190A8DED020A002069
:10C6E0009DED0A4ADDED093A9DED083ADDED072A98
:10C6F0009DED062ADDED051A9DED041ADDED030A18
:10C700009DED020A06F04AFCDA4880ED050A90ED3C
:10C71000060A8DED0A0A90ED050A8DED090A90EDE5
:10C72000040A8DED080A90ED030A8DED070A90EDDD
:10C73000020A8DED060A90ED010A8DED050ADDED88
:10C740000A2A9DED092ADDED081A9DED071ADDED97
:10C75000060A9DED050A06F0F3FEC64880ED000AC4
:10C7600005F0F6FF02F01AF802F094F802F0C2F8B1
:10C7700002F0F0F802F01EF901F06EFF02F03EF94F
:10C78000BF4890ED000ABF4880ED450A90ED460A8B
:10C790008DED0A0A90ED450A8DED090A90ED440AE7
:10C7A0008DED080A90ED430A8DED070A90ED420ADF
:10C7B0008DED060A90ED130A8DED050A90ED410A04
:10C7C0008DED040A90ED400A8DED030A0020DDEDA9
:10C7D0000A4A9DED094ADDED083A9DED073ADDED87
:10C7E000062A1FED692A5FED691A9DED051ADDED38
:10C7F000040A9DED030A04F09DFEA24880ED3E0A66
:10C8000090ED460A8DED0A0A90ED3F0A8DED090A7A
:10C8100090ED3E0A8DED080A90ED1B0A8DED070A9A
:10C8200090ED130A8DED060A90ED3D0A8DED050A97
:10C8300090ED3C0A8DED040A00209DED0A4ADDEDE5
:10C84000093A9DED083A5FED822A1FED822ADDED5F
:10C85000071A9DED061ADDED050A9DED040A04F0A8
:10C8600059FA884880ED050A03F01AF8EAE4864888
:10C87000C07858B1854890ED030A854880ED000ADC
:10C88000824890ED040A7E4880ED000A7C4890EDD5
:10C89000000A5FED8F0AB4EEE00AF1EE10FA08DD4F
:10C8A00090ED000A5FED930A30EE600A80ED000A19
:10C8B00011E0734890ED000A5FED970AB4EEE00ACC
:10C8C000F1EE10FA07D290ED000A5FED9C0A30EE0F
:10C8D000200A80ED000A6E4890ED000A5FEDAA0A7A
:10C8E000B4EEE00AF1EE10FA04DD1FEDAD0A80EDC2
:10C8F000000A0DE0664890ED000AF8EE080AB4EE72
:10C90000E00AF1EE10FA03D2B8EE080A80ED000A50
:10C910000020604908706049087002F02BF902F0AD
:10C92000A5F902F0D3F902F001FA02F02FFA02F0B1
:10C930007FF802F04FFA564890ED000A4D4880ED1E
:10C94000220A90ED230A8DED0A0A90ED220A8DED60
:10C95000090A90ED210A8DED080A90ED200A8DED6F
:10C96000070A90ED1F0A8DED060A444890ED000A73
:10C97000F8EE080A30EE200A8DED050AD0ED000A27
:10C980001FEDD30A30EE800A8DED040A394890ED90
:10C99000090A8DED030A90ED1E0A8DED020A90ED55
:10C9A0001D0A8DED010A0020DDED0A4A9DED094AC0
:10C9B000DDED083A9DED073ADDED062A9DED052AED
:10C9C000DDED041A9DED031ADDED020A9DED010A6D
:10C9D00006F092FE274880ED1B0A274890ED100ACA
:10C9E0008DED0A0A234890ED1C0A8DED090A90EDA1
:10C9F0001B0A8DED080A214890ED000AF8EE080A9E
:10CA000030EE200A8DED070A90ED000A5FEDF60A80
:10CA100030EE200A8DED060A164890ED0C0A8DEDD9
:10CA2000050A90ED090A8DED040A90ED1A0A8DEDC4
:10CA3000030A90ED190A8DED020A00209DED0A4AC5
:10CA400000E03DE2DDED093A9DED083ADDED072A13
:10CA50009DED062ADDED051A9DED041ADDED030AB4
:10CA60009DED020A06F09AFA024880ED050A90ED63
:10CA7000060A13E0CC3C0020283E0020E401002000
:10CA800068010020483B0020C8190020A040002079
:10CA90006C010020A6010020A70100208DED0A0AEC
:10CAA00090ED050A8DED090A90ED040A8DED080A56
:10CAB00090ED030A8DED070A90ED020A8DED060A4E
:10CAC00090ED010A8DED050ADDED0A2A9DED092A9A
:10CAD000DDED081A9DED071ADDED060A9DED050A4C
:10CAE00006F02EFDF74880ED000A05F031FE01F05A
:10CAF00055FE01F0CFFE01F0FDFE01F02BFF01F02D
:10CB000059FF01F0A9FD01F079FFEF4890ED000A0F
:10CB1000EE4880ED450A90ED460A8DED0A0A90ED4B
:10CB2000450A8DED090A90ED440A8DED080A90ED55
:10CB3000430A8DED070A90ED420A8DED060A90ED4D
:10CB4000130A8DED050A90ED410A8DED040A90ED72
:10CB5000400A8DED030A0020DDED0A4A9DED094AE9
:10CB6000DDED083A9DED073ADDED062A9FEDD82A66
:10CB7000DFEDD81A9DED051ADDED040A9DED030ADF
:10CB800004F0D8FCD14880ED3E0A90ED460A8DEDC8
:10CB90000A0A90ED3F0A8DED090A90ED3E0A8DEDEF
:10CBA000080A90ED1B0A8DED070A90ED130A8DED32
:10CBB000060A90ED3D0A8DED050A90ED3C0A8DEDDB
:10CBC000040A00209DED0A4ADDED093A9DED083A80
:10CBD000DFEDBF2A9FEDBF2ADDED071A9DED061A96
:10CBE000DDED050A9DED040A04F094F8B74880EDE8
:10CBF000050A02F055FE63E1B920B7490870B7484D
:10CC0000C078B8B3B548B0F918000590F3F719FD2E
:10CC10009FEDB30B53EC102BCDE906019DED060BF8
:10CC200051EC100BF3F72CFCCDE908019DED080B3E
:10CC300051EC100BF3F79EFDAB490860A748B0F923
:10CC40001A000590F3F7FDFC9FEDA50B53EC102B9C
:10CC5000CDE906019DED060B51EC100BF3F710FC2E
:10CC6000CDE908019DED080B51EC100BF3F782FDA7
:10CC70009E4908609C4890ED000AF1EE040AB4EE6B
:10CC8000E00AF1EE10FA04DDB1EE040A80ED000ACC
:10CC90000DE0954890ED000AF9EE040AB4EEE00AC2
:10CCA000F1EE10FA03D2B9EE040A80ED000A8F48C3
:10CCB00090ED000AF1EE040AB4EEE00AF1EE10FA8B
:10CCC00004DDB1EE040A80ED000A0DE0874890ED26
:10CCD000000AF9EE040AB4EEE00AF1EE10FA03D20B
:10CCE000B9EE040A80ED000A01F044FF01F0EEFF06
:10CCF00002F01CF802F04AF801F09AFE02F06AF81D
:10CD0000704890ED090A8DED0A0A7848D0ED003A96
:10CD1000B3EE043ADDED0A2AB1EE042AF2EE041A6B
:10CD20009FED731AF1EE040AB2EE040A06F046FE15
:10CD3000644880ED1B0A6F4890ED100A8DED0A0AD9
:10CD4000604890ED1C0A8DED090A90ED1B0A8DEDEF
:10CD5000080A90ED0C0A8DED070A90ED090A8DED99
:10CD6000060A90ED1A0A8DED050A90ED190A8DED6F
:10CD7000040A00209DED0A4ADDED093A9DED083ACE
:10CD8000F8EE082A9FED5C2ADDED071A9DED061AE4
:10CD9000DDED050A9DED040A06F000F9494880ED35
:10CDA000050A90ED060A8DED0A0A90ED050A8DED53
:10CDB000090A90ED040A8DED080A90ED030A8DED45
:10CDC000070A90ED020A8DED060A90ED010A8DED3D
:10CDD000050ADDED0A2A9DED092ADDED081A9DED13
:10CDE000071ADDED060A9DED050A06F0A9FB354898
:10CDF00080ED000A05F0ACFC01F0D0FC01F07AFDFA
:10CE000001F0A8FD01F0D6FD01F026FC01F0F6FDD1
:10CE1000384890ED180A8DED0A0A2C4890ED130A57
:10CE20008DED090A9DED0A4A2F48D0ED003AB3EE88
:10CE30000E3ADDED092AB2EE042AF1EE0C1A9FED4E
:10CE40002C1AF2EE040AB1EE0C0A04F0BDFD1F48E4
:10CE500080ED3E0A90ED460A8DED0A0A90ED3F0AFC
:10CE60008DED090A90ED3E0A8DED080A90ED1B0A42
:10CE70008DED070A90ED130A8DED060A90ED3D0A3F
:10CE80008DED050A90ED3C0A8DED040A00209DED24
:10CE90000A4ADDED093A9DED083ADFED0D2A9FEDD6
:10CEA0000D2ADDED071A9DED061ADDED050A9DED53
:10CEB000040A03F02FFF054880ED050A02F0F0FC9C
:10CEC000B7E20000CC3C002068010020483B002075
:10CED00000003543000035C3CC010020C8190020F4
:10CEE0007B14AE47E17A843FD0010020D4010020BA
:10CEF000CDCCCC3D283E00200000AA4201F03AFEF5
:10CF000001F0B4FE01F0E2FE01F010FF01F03EFF7F
:10CF100001F08EFD01F05EFF9FEDFE0AFE4880ED00
:10CF2000220A90ED230A8DED0A0A90ED220A8DED7A
:10CF3000090A90ED210A8DED080A90ED200A8DED89
:10CF4000070A90ED1F0A8DED060AF44890ED000ADD
:10CF5000F8EE080A30EE200A8DED050A90ED000A81
:10CF60005FED1B0A30EE200A8DED040AEA4890EDD1
:10CF7000090A8DED030A90ED1E0A8DED020A90ED6F
:10CF80001D0A8DED010A0020DDED0A4A9DED094ADA
:10CF9000DDED083A9DED073ADDED062A9DED052A07
:10CFA000DDED041A9DED031ADDED020A9DED010A87
:10CFB00006F0A2FBD84880ED1B0AD94890ED100A74
:10CFC0008DED0A0AD44890ED1C0A8DED090A90ED0A
:10CFD0001B0A8DED080AD14890ED000AF8EE080A08
:10CFE00030EE200A8DED070A90ED000A5FED3E0A53
:10CFF00030EE200A8DED060AC74890ED0C0A8DED43
:10D00000050A90ED090A8DED040A90ED1A0A8DEDDE
:10D01000030A90ED190A8DED020A00209DED0A4ADF
:10D02000DDED093A9DED083ADDED072A9DED062A72
:10D03000DDED051A9DED041ADDED030A9DED020AF2
:10D0400005F0ACFFB44880ED050A90ED060A8DEDC1
:10D050000A0A90ED050A8DED090A90ED040A8DED9E
:10D06000080A90ED030A8DED070A90ED020A8DED96
:10D07000060A90ED010A8DED050ADDED0A2A9DED07
:10D08000092ADDED081A9DED071ADDED060A9DED72
:10D09000050A06F055FAA04880ED000A05F058FB95
:10D0A00001F07CFB01F0F6FB01F024FC01F052FCE6
:10D0B00001F080FC01F0D0FA01F0A0FC9FED950A90
:10D0C000984880ED450A90ED460A8DED0A0A90EDEC
:10D0D000450A8DED090A90ED130A8DED080A90EDD1
:10D0E000410A8DED070A90ED400A8DED060A0020F9
:10D0F000DDED0A4A9DED094ADFED8B3A9FED8A3A54
:10D10000F1EE042A1FED8E2A5FED8E1A9DED081AAE
:10D11000DDED070A9DED060A04F00CFA814880ED6A
:10D120003E0A90ED460A8DED0A0A90ED3F0A8DED1C
:10D13000090A90ED3E0A8DED080A90ED1B0A8DED6F
:10D14000070A90ED130A8DED060A90ED3D0A8DED6C
:10D15000050A90ED3C0A8DED040A00209DED0A4A77
:10D16000DDED093A9DED083A5FEDA72A1FEDA72AEC
:10D17000DDED071A9DED061ADDED050A9DED040AA9
:10D1800003F0C8FD674880ED050A02F089FB50E115
:10D190004FE101F0EFFC01F069FD01F097FD01F0B6
:10D1A000C5FD01F0F3FD01F043FC01F013FE5A4808
:10D1B00090ED230A8DED0A0A90ED220A8DED090A01
:10D1C00090ED210A8DED080A90ED200A8DED070AF9
:10D1D00090ED1F0A8DED060A504890ED000AF8EE1A
:10D1E000080A30EE200A8DED050A90ED000A5FED89
:10D1F000BE0A30EE200A8DED040A474890ED090A78
:10D200008DED030A90ED1E0A8DED020A90ED1D0AC8
:10D210008DED010A0020DDED0A4A9DED094ADDEDA4
:10D22000083A9DED073ADDED062A9DED052ADDED74
:10D23000041A9DED031ADDED020A9DED010A06F0C8
:10D240005BFA354880ED1B0A354890ED100A8DEDEC
:10D250000A0A314890ED1C0A8DED090A90ED1B0A6F
:10D260008DED080A2D4890ED000AF8EE080A30EE20
:10D27000200A8DED070A90ED000A5FEDE10A30EE1D
:10D28000200A8DED060A244890ED0C0A8DED050A62
:10D2900090ED090A8DED040A90ED1A0A8DED030A4E
:10D2A00090ED190A8DED020A00209DED0A4ADDED90
:10D2B000093A9DED083ADDED072A9DED062ADDEDE0
:10D2C000051A9DED041ADDED030A9DED020A05F035
:10D2D00065FE114880ED050A90ED060A8DED0A0AFB
:10D2E00090ED050A8DED090A90ED040A8DED080A0E
:10D2F00090ED030A8DED070A90ED020A8DED060A06
:10D3000090ED010A8DED050ADDED0A2A9DED092A51
:10D310000CE0000000000000CC3C0020E4010020F4
:10D32000283E0020483B002000007042DDED081A36
:10D330009DED071ADDED060A9DED050A06F000F9E0
:10D340003D4880ED000A05F003FA01F027FA01F0EC
:10D35000A1FA01F0CFFA01F0FDFA01F02BFB01F088
:10D360007BF901F04BFB354890ED460A8DED0A0A3A
:10D3700090ED450A8DED090A90ED130A8DED080A2E
:10D3800090ED410A8DED070A90ED400A8DED060AF9
:10D390000020DDED0A4A9DED094A5FED1D3A1FEDC3
:10D3A0001E3AF1EE042A9FED262ADFED261A9DEDA6
:10D3B000081ADDED070A9DED060A04F0BBF81F48C8
:10D3C00080ED3E0A90ED460A8DED0A0A90ED3F0A87
:10D3D0008DED090A90ED3E0A8DED080A90ED1B0ACD
:10D3E0008DED070A90ED130A8DED060A90ED3D0ACA
:10D3F0008DED050A90ED3C0A8DED040A00209DEDAF
:10D400000A4ADDED093A9DED083ADFED0D2A9FED60
:10D410000D2ADDED071A9DED061ADDED050A9DEDDD
:10D42000040A03F077FC054880ED050A02F038FA9B
:10D4300000BF00BF0BB000BDCC3C0020483B00202B
:10D4400000003543000035C310B541EC100BFCF76C
:10D450009BFD51EC100B10BD10B5044604B910BD76
:10D46000E06C10B10020E16C884794F8300001288E
:10D470000BD1206D20B100209FED0E0A216D884751
:10D480009FED0C0A84ED600A05E0A06C18B1002144
:10D490000846A26C90479FED070A84ED610A0020C0
:10D4A000A4F80802002140F20A200153801D015512
:10D4B00000BFD4E70000000010B500B910BD03782C
:10D4C000022B01DA037800E000231946438F0BB1E9
:10D4D000438F01E040F6B8331A46194B53F8213018
:10D4E00093422AD290ED800AD0ED810A30EE200AD4
:10D4F000144B03EB8103D3ED000A30EE200A114BED
:10D5000003EB810383ED000A0D4B53F821305B1CC4
:10D510000B4C44F82130234653F8213093420CD170
:10D52000084B03EB8103D3ED000A00EE102AB8EE9E
:10D53000400A80EE801A80ED811A00BFBEE700002D
:10D54000540100204C01002010B5024602F5027083
:10D55000111D03880C8DA34222DC03885B1C038011
:10D5600092ED620AB0EEC00AD1ED080AB4EEE00A0C
:10D57000F1EE10FA02DB43885B1C438003880C8DBC
:10D58000A3420DD143884C8DA34206DBC38823F010
:10D5900001035B1CC380012343720023038043808B
:10D5A00092ED7E0AB0EEC00AD1ED090AB4EEE00AAF
:10D5B000F1EE10FA03DB83885B1C838001E000231B
:10D5C00083808388B3F57A7F08DBC38823F0020366
:10D5D0009B1CC380012343720023838010BD01463E
:10D5E00001B9704701F502700A1D137F0BB9537F13
:10D5F0003BB900238372C372C38823F00403C38042
:10D60000EFE791ED760AD2ED050AF4EEC00AF1EEED
:10D6100010FA04D8012383720023C3720EE0D2ED06
:10D62000060AF4EEC00AF1EE10FA04DB002383725E
:10D630000123C37202E000238372C372837A0BB9A1
:10D64000C37A2BB1C38823F004031B1DC38003E0FE
:10D65000C38823F00403C38000BFC2E710B50446AB
:10D6600004B910BD2078012802D101F025FA01E0AB
:10D6700001F036F800BFF4E700B97047002240F22D
:10D680000E210A52C91C0A540021A0F8081240F2C7
:10D690000A210A52891C0A5200BFEEE770B50546FE
:10D6A0000C4605B970BD2878012822D1072C01DB72
:10D6B00001F060FA062C05DB01F0D8FA01F006FB58
:10D6C00001F034FB052C01DB01F0ACFA042C01DB8A
:10D6D00001F02CFA032C01DB01F058FB022C01DBDA
:10D6E00001F0A6F9012C01DB01F078FA01F072FBE0
:10D6F00021E0072C01DB01F051F8062C05DB01F0DD
:10D70000C9F801F0F7F801F025F9052C01DB01F06B
:10D710009DF8042C01DB01F01DF8032C01DB01F066
:10D7200049F9022C01DB00F097FF012C01DB01F02D
:10D7300069F801F063F900BFB4E770B5064606F179
:10D74000540406F5C075307801281CD195ED023AD5
:10D75000F0EE432A95ED013AB0EE432A94ED033AF8
:10D76000F0EE431A94ED023AB0EE431A94ED013A0A
:10D77000F0EE430A94ED003AB0EE430A05F0E0FE05
:10D7800085ED000A1BE095ED023AF0EE432A95ED97
:10D79000013AB0EE432A94ED033AF0EE431A94EDC9
:10D7A000023AB0EE431A94ED013AF0EE430A94EDDA
:10D7B000003AB0EE430A03F0E1FD85ED000A70BDCA
:10D7C00070B5044604B970BD2046FFF7BDFE94F85D
:10D7D0003000012800D100E00020054640F2112071
:10D7E000005DC0B1E06C10B10020E16C88473DB134
:10D7F000206D58B100209FED1B0A216D884705E080
:10D80000A06C18B100210846A26C904700214FF48B
:10D8100004700155D7E7E06C10B10120E16C884736
:10D820004DB1206DC0B1D4ED600AB0EE600A0120A8
:10D83000216D884710E0A06C70B194ED610ADFEDB6
:10D840000A0A20EE200ABDEEC00A10EE106A01217D
:10D850003046A26C904700BF01214FF4047001557F
:10D8600000BFB0E70000000000007A4410B99FED4F
:10D87000030A704790ED760AFBE700000000000005
:10D88000014609B90020704791F81802FBE70146EC
:10D8900009B90020704740F20E20405AFAE7000014
:10D8A00010B99FED030A704790ED7C0AFBE700007A
:10D8B000000000000146081D4FF4001282604FF482
:10D8C0007A7202854FF448724285B1EE040A80ED07
:10D8D000080A9FED240A80ED090A01220274002241
:10D8E00080F82C20B7EE000A80ED0C0A80F8342076
:10D8F00040F6B832C2860A78012A1DD11A4A02605F
:10D900009FED1A0A80ED010A9FED190A80ED030AC6
:10D910009FED180A80ED050AB8EE000A80ED060AB0
:10D9200000220277012280F82C20B7EE000A80ED59
:10D930000C0A80F8342013E00F4A02609FED0B0AB6
:10D9400080ED010A9FED0D0A80ED030A9FED0C0AA0
:10D9500080ED050A9FED0A0A80ED060A0122027792
:10D96000704700000000C842D2CF0F0000003439D9
:10D970003AFAF4370000A44223EA0A008746F43753
:10D98000000000002DE9F0412DED028B054605F564
:10D99000E0742E1DE86BB8B3E86B804700EE100A08
:10D9A000B8EEC00ADFED760A20EE200AB0EE408A1B
:10D9B00096F82C0001281ED196F83400D8B12878AA
:10D9C00001280BD1D5ED170AB0EE600AF0EE480A37
:10D9D0004FF4C8710220F5F787FF0AE0D5ED170A6A
:10D9E000B0EE600AF0EE480A4FF4C8710220F4F776
:10D9F00041FFB0EE408A94ED110AD6ED0C0A10EE0C
:10DA0000880A84ED100A00BF307CA8B99FED5D0A3A
:10DA100084ED0A0A94ED0E0A84ED0C0A2878012898
:10DA200002D194ED0F0A01E09FED560A84ED0D0A34
:10DA3000BDEC028BBDE8F0810027686C10B1686C0A
:10DA400080470746D4ED0B0A96ED031A00EE107AD4
:10DA5000B8EEC00A50EE010ABFEE000A20EE800ABE
:10DA600084ED0A0A2878012832D194ED0A0AB0EE32
:10DA7000401ADFED430A9FED440AF6F7E5F884ED1E
:10DA80000C0A94ED0C0ADFED410AB4EEE00AF1EE67
:10DA900010FA03DD9FED3D0A84ED0C0A94ED0C0AAB
:10DAA000DFED3B0AB4EEE00AF1EE10FA03D29FED8F
:10DAB000380A84ED0C0A94ED0A0AB0EE401ADFED44
:10DAC000300A9FED340AF5F743FC84ED0D0A3AE085
:10DAD00095ED880AF0EE401A94ED0A0AB0EE401A6D
:10DAE000DFED270A9FED280A0120F5F773F884ED92
:10DAF0000C0A94ED0C0ADFED280AB4EEE00AF1EE10
:10DB000010FA03DD9FED240A84ED0C0A94ED0C0A53
:10DB1000DFED220AB4EEE00AF1EE10FA03D29FED37
:10DB20001F0A84ED0C0A95ED880AF0EE401A94ED78
:10DB30000A0AB0EE401ADFED120A9FED160AF4F75A
:10DB400045FB84ED0D0A94ED0D0ADFED150AB4EEE8
:10DB5000E00AF1EE10FA03DD9FED110A84ED0D0AE3
:10DB600094ED0D0ADFED0F0AB4EEE00AF1EE10FAC3
:10DB700003D29FED0C0A84ED0D0A00BF58E70000A8
:10DB80006F12833A0000000000008C4200009643B0
:10DB9000000096C30000C8420000FA430000FAC328
:10DBA00000803B4500803BC507B58EB00E9818B984
:10DBB0009FEDFE0A11B000BD0E9854300D900E98E6
:10DBC00000F5C0700C900E98007D0B900E980078B8
:10DBD00028B90E9890ED760AB0EEC00A02E00E98D1
:10DBE00090ED760A8DED0A0A0E98007801287DD115
:10DBF0000F9808287BD2DFE800F0F9F8F777F6F500
:10DC00003C040C9890ED0D0A8DED090A90ED0C0A7C
:10DC10008DED080A0D9890ED460A8DED070A90EDFE
:10DC20004A0A8DED060A90ED490A8DED050A90ED40
:10DC3000110A8DED040A90ED480A8DED030A90ED6E
:10DC4000470A8DED020ADDED093A9DED083ADDED5A
:10DC5000072A9DED062ADDED051A9DED041ADDED7E
:10DC6000030A9DED020A05F03DFB0C9880ED050AC4
:10DC700000BF0F98062836D10C9890ED0B0A8DED59
:10DC8000090A0D9890ED460A8DED080A90ED110AEB
:10DC90008DED070A90ED3B0A8DED060A90ED3A0AEC
:10DCA0008DED050A90ED390A8DED040A90ED380AE4
:10DCB0008DED030A90ED370A8DED020ADDED093A8C
:10DCC0009DED083ADDED072A9DED062ADDED051AEA
:10DCD0009DED041ADDED030A9DED020A05F06EFECE
:10DCE0000C9880ED050A00BF0B9801E099E18DE1E9
:10DCF00000287CD00E9890ED760A8DED090A0C98DC
:10DD000090ED060A8DED080A90ED050A8DED070AE3
:10DD10000E9890ED070A8DED060A90ED060A8DED3E
:10DD2000050A0D9890ED2A0A8DED040A90ED110A6E
:10DD30008DED030A90ED240A8DED020A90ED1E0A86
:10DD40008DED010A9DED094ADDED083A9DED073A9A
:10DD5000DDED062A9DED052ADDED041A9DED031A81
:10DD6000DDED020A9DED010A05F0B0FF0C9880ED93
:10DD7000030A0C9890ED040A8DED090A90ED030A50
:10DD80008DED080A0D9890ED040A8DED070A90EDCF
:10DD9000130A8DED060A90ED120A8DED050A90ED3D
:10DDA000110A8DED040A90ED0B0A8DED030A90ED3A
:10DDB000050A8DED020ADDED093A9DED083ADDED2B
:10DDC000072A9DED062ADDED051A9DED041ADDED0D
:10DDD000030A9DED020A04F039FE0C9880ED010A59
:10DDE0004AE004E081E0C7E047E00AE10AE10C987C
:10DDF00090ED050A80ED070A0E9890ED760A8DEDFC
:10DE0000090A0C9890ED080A8DED080A90ED070AB2
:10DE10008DED070A0E9890ED070A8DED060A90ED3C
:10DE2000060A8DED050A0D9890ED040A8DED040AA1
:10DE300090ED110A8DED030A90ED310A8DED020A85
:10DE400090ED300A8DED010A10989DED094ADDED47
:10DE5000083A9DED073ADDED062A9DED052ADDED38
:10DE6000041A9DED031ADDED020A9DED010A05F08D
:10DE700095F80C9880ED010AC8E00C9890ED040A22
:10DE80008DED090A90ED030A8DED080A0D9890EDCD
:10DE9000040A8DED070A90ED130A8DED060A90ED48
:10DEA000120A8DED050A90ED110A8DED040A90ED30
:10DEB0000B0A8DED030A90ED050A8DED020ADDEDEA
:10DEC000093A9DED083ADDED072A9DED062ADDEDC4
:10DED000051A9DED041ADDED030A9DED020A04F01A
:10DEE000B5FD0C9880ED010A90E00C9890ED0A0ABF
:10DEF0008DED090A90ED090A8DED080A0D9890ED57
:10DF0000320A8DED070A90ED330A8DED060A90ED89
:10DF1000360A8DED050A0E9890ED070A8DED040A7C
:10DF200090ED060A8DED030A0D9890ED110A8DED26
:10DF3000020A90ED350A8DED010A90ED340A8DED5F
:10DF4000000A1098DDED094A9DED084ADDED073A1B
:10DF50009DED063ADDED052A9DED042ADDED031A5F
:10DF60009DED021ADDED010A9DED000A05F0C4FBEE
:10DF70000C9880ED070A00BF0E9890ED760A8DEDA3
:10DF8000090A0C9890ED080A8DED080A90ED070A31
:10DF90008DED070A0E9890ED070A8DED060A90EDBB
:10DFA000060A8DED050A0D9802E000000000000051
:10DFB00090ED040A8DED040A90ED110A8DED030A2F
:10DFC00090ED310A8DED020A90ED300A8DED010AD7
:10DFD00010989DED094ADDED083A9DED073ADDED1B
:10DFE000062A9DED052ADDED041A9DED031ADDEDEF
:10DFF000020A9DED010A04F0D1FF0C9880ED010AA0
:10E0000004E003E00E9800F0F7FA00BF00BF0C98A0
:10E0100090ED090AD0ED0A0A30EE600A80ED0E0A92
:10E0200009E20F9808287DD2DFE800F0F8F7F687BC
:10E03000F5F443040E9890ED880A8DED090A0C98CA
:10E0400090ED0D0A8DED080A90ED0C0A8DED070A92
:10E050000D9890ED460A8DED060A90ED4A0A8DED79
:10E06000050A90ED490A8DED040A90ED110A8DED37
:10E07000030A90ED480A8DED020A90ED470A8DEDF6
:10E08000010A9DED094ADDED083A9DED073ADDED07
:10E09000062A9DED052ADDED041A9DED031ADDED3E
:10E0A000020A9DED010A02F0E3FF0C9880ED050ADB
:10E0B00000BF0F9806283FD10E9890ED880A8DED8D
:10E0C000090A0C9890ED0B0A8DED080A0D9890ED59
:10E0D000460A8DED070A90ED110A8DED060A90EDC6
:10E0E0003B0A8DED050A90ED3A0A8DED040A90ED9C
:10E0F000390A8DED030A90ED380A8DED020A90ED94
:10E10000370A8DED010A9DED094ADDED083A9DEDD6
:10E11000073ADDED062A9DED052ADDED041A9DED99
:10E12000031A00E07DE1DDED020A9DED010A03F036
:10E130004BFC0C9880ED050A00BF0B98E8B30E98D5
:10E1400090ED760A8DED090A0C9890ED060A8DED9A
:10E15000080A90ED050A8DED070A0E9890ED060A63
:10E160008DED060A90ED070A8DED050A0D9890EDEC
:10E170002A0A8DED040A90ED110A8DED030A00F1D3
:10E18000AC02DDED0A3A9DED093ADDED082A9DED80
:10E19000072ADDED061A9DED051ADDED040A9DED59
:10E1A000030A00F19001783003F0D0FD0C9880ED67
:10E1B000030A0C9890ED040A00E030E08DED090AA6
:10E1C00090ED030A8DED080A0D9890ED040A8DED8F
:10E1D000070A90ED120A8DED060A90ED110A8DEDF9
:10E1E000050A00F16403DDED0A2A9DED092ADDED43
:10E1F000081A9DED071A00F14C02DDED060A9DEDAF
:10E20000050A00F12C01143001F034FC0C9880ED6B
:10E21000010A49E078E0BEE047E0FDE0FDE00C984F
:10E2200090ED050A80ED070A0E9890ED760A8DEDC7
:10E23000090A0C9890ED080A8DED080A90ED070A7E
:10E240008DED070A0E9890ED060A8DED060A90ED09
:10E25000070A8DED050A0D9890ED040A8DED040A6C
:10E2600090ED110A8DED030A90ED310A8DED020A51
:10E2700090ED300A8DED010A10989DED094ADDED13
:10E28000083A9DED073ADDED062A9DED052ADDED04
:10E29000041A9DED031ADDED020A9DED010A02F05C
:10E2A00039FD0C9880ED010ABBE00C9890ED040A52
:10E2B0008DED090A90ED030A8DED080A0D9890ED99
:10E2C000040A8DED070A90ED120A8DED060A90ED15
:10E2D000110A8DED050A00F16403DDED0A2A9DEDBA
:10E2E000092ADDED081A9DED071A00F14C02DDED5B
:10E2F000060A9DED050A00F12C01143001F0BAFB6D
:10E300000C9880ED010A8CE00C9890ED0A0A8DEDD6
:10E31000090A90ED090A8DED080A0D9890ED320A70
:10E320008DED070A90ED330A8DED060A90ED360A61
:10E330008DED050A0E9890ED060A8DED040A90ED1C
:10E34000070A8DED030A0D9890ED110A8DED020A72
:10E3500090ED350A8DED010A90ED340A8DED000A3D
:10E360001098DDED094A9DED084ADDED073A9DED77
:10E37000063ADDED052A9DED042ADDED031A9DED3B
:10E38000021ADDED010A9DED000A03F0D3F80C98A6
:10E3900080ED070A00BF0E9890ED760A8DED090A10
:10E3A0000C9890ED080A8DED080A90ED070A8DEDA6
:10E3B000070A0E9890ED060A8DED060A90ED070A01
:10E3C0008DED050A0D9890ED040A8DED040A90ED8F
:10E3D000110A8DED030A90ED310A8DED020A90EDE0
:10E3E000300A8DED010A10989DED094ADDED083ADD
:10E3F0009DED073ADDED062A9DED052ADDED041AB7
:10E400009DED031ADDED020A9DED010A02F082FC8A
:10E410000C9880ED010A04E003E00E9800F0ECF89F
:10E4200000BF00BF0C9890ED090AD0ED0A0A30EE4B
:10E43000600A80ED0E0A0E9890F83000012804D191
:10E440000F9810B10E98FFF778F90C9890ED010A2B
:10E45000FFF7B0BB00B9704780ED880A00BFFAE74C
:10E4600000B9704780F8181200BFFAE700B970478A
:10E470002021095CA9B9D0ED060AF4EEC00AF1EE3C
:10E4800010FA03D2D0ED060AB0EE600AD0ED070A0A
:10E49000F4EEC00AF1EE10FA03DDD0ED070AB0EE9B
:10E4A000600A80ED690A00BFE1E700B9704780EDBE
:10E4B000650A00BFFAE7000010B52DED028B044697
:10E4C000B0EE408A1CB90020BDEC028B10BD9FED60
:10E4D000160AB4EEC08AF1EE10FA06D39FED130AC5
:10E4E000B4EEC08AF1EE10FA01DD0020ECE7D4EDC5
:10E4F000760A70EEC80AB0EE600ADFED0C0AFCF78F
:10E500003FF984ED870A94ED870AB5EEC00AF1EE73
:10E5100010FA07D294ED870ADFED040A30EE200AE4
:10E5200084ED870A0120CFE70000B4C30000B443A4
:10E5300000B9704790ED800A80ED620A90ED760A8E
:10E5400080ED6A0A90ED7E0A80ED680A017D41B196
:10E5500090ED7C0A80ED660A90ED7D0A80ED640AFC
:10E560000DE090ED7E0A80ED660A0178012902D166
:10E5700090ED7F0A01E09FED030A80ED640A00BF81
:10E58000D7E7000000000000014601B9704701F51F
:10E59000027091ED690AD1ED6A0A30EE600AB0EEC0
:10E5A000C00ADFED0E0AB4EEE00AF1EE10FA07D26F
:10E5B000C289B2F5FA7F06DCC289521CC28102E030
:10E5C0000022C2810273C289B2F5FA7F04DD012202
:10E5D000027340F2F512C28100BFD7E7CDCCCC3D2B
:10E5E00010B5044604B910BD2046FFF7CBF920460C
:10E5F000FEF7F5FF00BFF6E70178124A02EB810152
:10E6000091ED001AF0EE410A90ED181AB0EE410AB1
:10E61000F4EEC00AF1EE10FA01DDF0EE400AB1EEC0
:10E62000401AF4EEC10AF1EE10FA03D2B1EE401A2C
:10E63000F0EE410AC0ED600A9FED031A80ED611A09
:10E6400070470000440100200000000000B500F009
:10E6500033FA00F045F800BD00202FE09FED1E0AC0
:10E660001E4901EB800181ED000A9FED1B0A1B4949
:10E67000083101EB800181ED000A9FED170A17496F
:10E68000103101EB800181ED000A9FED130A13495F
:10E69000183101EB800181ED000A9FED0F0A0F494F
:10E6A000203101EB800181ED000A9FED0B0A0B493F
:10E6B000283101EB800181ED000A401C0228CDDBEE
:10E6C0009FED050A0548243880ED070A9FED020AF0
:10E6D00080ED080A7047000000000000D8440020C8
:10E6E00000B500F08FF8FFF7B7FF00F063F900F016
:10E6F0000DF800F02FF800F0A9F800F0CBF800F0CA
:10E70000F9F800F027F900F049F800BD00200FE00B
:10E710009FED0E0A0E4901EB800181ED000A9FED8D
:10E720000B0A0B49083101EB800181ED000A401C06
:10E730000228EDDB9FED050A0548783880ED1C0ABC
:10E740009FED020A80ED1D0A7047000000000000E6
:10E750002C45002000200FE09FED0E0A0E4901EB32
:10E76000800181ED000A9FED0B0A0B49083101EB96
:10E77000800181ED000A401C0228EDDB9FED050AB7
:10E780000548903880ED220A9FED020A80ED230AA9
:10E7900070470000000000004445002000201FE0FA
:10E7A0009FED150A154901EB800181ED000A9FEDEF
:10E7B000120A1249083101EB800181ED000A9FED38
:10E7C0000E0A0E49103101EB800181ED000A9FED28
:10E7D0000A0A0A49183101EB800181ED000A401C48
:10E7E0000228DDDB9FED040A054880ED490A9FED14
:10E7F000020A80ED4A0A704700000000E045002050
:10E80000B444002000200FE09FED0E0A0E4901EBFA
:10E81000800181ED000A9FED0B0A0B49083101EBE5
:10E82000800181ED000A401C0228EDDB9FED050A06
:10E830000548083880ED000A9FED020A80ED010AC4
:10E840007047000000000000BC44002000200FE0E2
:10E850009FED0E0A0E4901EB800181ED000A9FED4C
:10E860000B0A0B49083101EB800181ED000A401CC5
:10E870000228EDDB9FED050A0548A83880ED280A3F
:10E880009FED020A80ED290A704700000000000099
:10E890005C45002000201FE09FED140A144901EBA5
:10E8A000800181ED000A9FED110A1149083101EB49
:10E8B000800181ED000A9FED0D0A0D49103101EB39
:10E8C000800181ED000A9FED090A0949183101EB29
:10E8D000800181ED000A401C0228DDDB9FED030A68
:10E8E0000348BC3880ED2E0A70470000000000008D
:10E8F0007045002000201FE09FED140A144901EB31
:10E90000800181ED000A9FED110A1149083101EBE8
:10E91000800181ED000A9FED0D0A0D49103101EBD8
:10E92000800181ED000A9FED090A0949183101EBC8
:10E93000800181ED000A401C0228DDDB9FED030A07
:10E940000348E03880ED370A7047000000000000FF
:10E950009445002000201FE09FED130A134901EBAE
:10E96000800181ED000A9FED100A1049083101EB8A
:10E97000800181ED000A9FED0C0A0C49103101EB7A
:10E98000800181ED000A9FED080A0849183101EB6A
:10E99000800181ED000A401C0228DDDB9FED020AA8
:10E9A000034880ED400A704700000000B845002091
:10E9B000B444002000200FE09FED0E0A0E4901EB49
:10E9C000800181ED000A9FED0B0A0B49083101EB34
:10E9D000800181ED000A401C0228EDDB9FED050A55
:10E9E0000548603880ED150A9FED020A80ED170A90
:10E9F00070470000000000001445002000200FE0D8
:10EA00009FED090A094901EB800181ED000A9FEDA4
:10EA1000060A0649083101EB800181ED000A401C1D
:10EA20000228EDDB7047000000000000A049002034
:10EA300000202FE09FED1E0A1E4901EB800181EDB1
:10EA4000000A9FED1B0A1B49083101EB800181ED93
:10EA5000000A9FED170A1749103101EB800181ED83
:10EA6000000A9FED130A1349183101EB800181ED73
:10EA7000000A9FED0F0A0F49203101EB800181ED63
:10EA8000000A9FED0B0A0B49283101EB800181ED53
:10EA9000000A401C0228CDDB9FED050A05482438FA
:10EAA00080ED070A9FED020A80ED080A704700001A
:10EAB00000000000AC42002000B500F08FF8FFF726
:10EAC000B7FF00F063F900F00DF800F02FF800F048
:10EAD000A9F800F0CBF800F0F9F800F027F900F001
:10EAE00049F800BD00200FE09FED0E0A0E4901EB32
:10EAF000800181ED000A9FED0B0A0B49083101EB03
:10EB0000800181ED000A401C0228EDDB9FED050A23
:10EB10000548783880ED1C0A9FED020A80ED1D0A39
:10EB200070470000000000000043002000200FE0BC
:10EB30009FED0E0A0E4901EB800181ED000A9FED69
:10EB40000B0A0B49083101EB800181ED000A401CE2
:10EB50000228EDDB9FED050A0548903880ED220A7A
:10EB60009FED020A80ED230A7047000000000000BC
:10EB70001843002000201FE09FED150A154901EB06
:10EB8000800181ED000A9FED120A1249083101EB64
:10EB9000800181ED000A9FED0E0A0E49103101EB54
:10EBA000800181ED000A9FED0A0A0A49183101EB44
:10EBB000800181ED000A401C0228DDDB9FED040A84
:10EBC000054880ED490A9FED020A80ED4A0A704728
:10EBD00000000000B44300208842002000200FE025
:10EBE0009FED0E0A0E4901EB800181ED000A9FEDB9
:10EBF0000B0A0B49083101EB800181ED000A401C32
:10EC00000228EDDB9FED050A0548083880ED000A73
:10EC10009FED020A80ED010A70470000000000002D
:10EC20009042002000200FE09FED0E0A0E4901EBFC
:10EC3000800181ED000A9FED0B0A0B49083101EBC1
:10EC4000800181ED000A401C0228EDDB9FED050AE2
:10EC50000548A83880ED280A9FED020A80ED290AB0
:10EC600070470000000000003043002000201FE03B
:10EC70009FED140A144901EB800181ED000A9FED1C
:10EC8000110A1149083101EB800181ED000A9FED65
:10EC90000D0A0D49103101EB800181ED000A9FED55
:10ECA000090A0949183101EB800181ED000A401C75
:10ECB0000228DDDB9FED030A0348BC3880ED2E0AF5
:10ECC00070470000000000004443002000201FE0C7
:10ECD0009FED140A144901EB800181ED000A9FEDBC
:10ECE000110A1149083101EB800181ED000A9FED05
:10ECF0000D0A0D49103101EB800181ED000A9FEDF5
:10ED0000090A0949183101EB800181ED000A401C14
:10ED10000228DDDB9FED030A0348E03880ED370A67
:10ED200070470000000000006843002000201FE042
:10ED30009FED130A134901EB800181ED000A9FED5D
:10ED4000100A1049083101EB800181ED000A9FEDA6
:10ED50000C0A0C49103101EB800181ED000A9FED96
:10ED6000080A0849183101EB800181ED000A401CB6
:10ED70000228DDDB9FED020A034880ED400A704760
:10ED8000000000008C4300208842002000200FE09B
:10ED90009FED0E0A0E4901EB800181ED000A9FED07
:10EDA0000B0A0B49083101EB800181ED000A401C80
:10EDB0000228EDDB9FED050A0548603880ED150A55
:10EDC0009FED020A80ED170A704700000000000066
:10EDD000E842002000200FE09FED090A094901EBFD
:10EDE000800181ED000A9FED060A0649083101EB1A
:10EDF000800181ED000A401C0228EDDB7047000015
:10EE0000000000009847002010B52DED088BA748A2
:10EE1000C0780B280AD2DFE800F009060A393D4124
:10EE200045494D5155000120A14908703AE19F49DB
:10EE30000A79497942EA012108B2F1F702FC41EC72
:10EE4000190B9FED9C0B53EC102BF1F719FB41ECC8
:10EE5000180BF1F78FFC994908609449897941EAC8
:10EE6000012108B2F1F7EDFB41EC190B9FED910B7D
:10EE700053EC102BF1F704FB41EC180BF1F77AFC83
:10EE80008F49086002208A4908700BE103208849F5
:10EE9000087007E104208649087003E105208449D1
:10EEA0000870FFE0062082490870FBE007208049D7
:10EEB0000870F7E008207E490870F3E009207C49DB
:10EEC0000870EFE07F4890ED460A7F4880ED000A29
:10EED0007E4890ED230A7E4880ED000A7348007951
:10EEE000012823D171494A79897942EA012108B27E
:10EEF000F1F7A7FB41EC1B0B9FED6E0B53EC102BB6
:10EF0000F1F7BEFA41EC190B6F480068F1F7EFFB1F
:10EF100041EC1A0B53EC192BF1F7ACFA41EC180B3E
:10EF2000F1F728FC6749C1F8140126E05F48007931
:10EF3000022822D15D494A79897942EA012108B241
:10EF4000F1F77FFB41EC1B0B9FED5A0B53EC102BA1
:10EF5000F1F796FA41EC190B5B480068F1F7C7FB33
:10EF600041EC1A0B53EC192BF1F7E3F941EC180BB8
:10EF7000F1F700FC5349C1F814014C48C07901284D
:10EF800023D14A490A7A497A42EA012108B2F1F7C3
:10EF900058FB41EC1B0B9FED470B53EC102BF1F78B
:10EFA0006FFA41EC190B4A480068F1F7A0FB41ECFD
:10EFB0001A0B53EC192BF1F7BCF941EC180BF1F7D4
:10EFC000D9FB4249C1F8880026E03848C0790228B8
:10EFD00022D136490A7A497A42EA012108B2F1F788
:10EFE00030FB41EC1B0B9FED330B53EC102BF1F777
:10EFF00047FA41EC190B36480068F1F778FB41EC11
:10F000001A0B53EC192BF1F735FA41EC180BF1F709
:10F01000B1FB2E49C1F888002A4890ED450ADFED82
:10F020002D0AB4EEE00AF1EE10FA08DD90ED450A83
:10F03000DFED290A30EE600A80ED450A11E0214833
:10F0400090ED450ADFED250AB4EEE00AF1EE10FA84
:10F0500007D290ED450ADFED200A30EE200A80ED60
:10F06000450A1A4890ED220ADFED1D0AB4EEE00AC7
:10F07000F1EE10FA04DD9FED1A0A80ED220A0DE090
:10F08000124890ED220AF8EE080AB4EEE00AF1EE1A
:10F0900010FA03D2B8EE080A80ED220A0A200449C9
:10F0A000087000BF00BFBDEC088B10BDC819002060
:10F0B000840100207B14AE47E17A843F6001002088
:10F0C00064010020483B002070010020CC3C00205F
:10F0D00074010020000034430000B443000034C336
:10F0E0000000AA4210B52DED048BB0EE408AF0EE80
:10F0F000608A9FED0A0B53EC102B51EC180BF1F7C3
:10F10000BFF941EC190B9FED070B53EC102BF1F7F6
:10F1100029FA41EC100BBDEC048B10BD182D4454A2
:10F12000FB210940000000000080664010B5034646
:10F130000BB10E2902DB9FED280A10BD03F154002C
:10F14000062A00D305220E2942D2DFE801F0070A81
:10F150000D141B22292C2F3235383B3E90ED000A2E
:10F16000EBE790ED010AE8E700F1140404EB8204F8
:10F1700094ED000AE1E700F12C0404EB820494ED25
:10F18000000ADAE700F1780404EB820494ED000A47
:10F19000D3E700F1900404EB820494ED000ACCE77D
:10F1A00090ED300AC9E790ED310AC6E790ED340AD8
:10F1B000C3E790ED350AC0E790ED470ABDE790ED53
:10F1C000480ABAE790ED040AB7E790ED2A0AB4E7D7
:10F1D0009FED010AB1E700000000000070B5044691
:10F1E0000E46154604B105B970BD4FF41E71204698
:10F1F000F1F730F826701822294604F13C00F1F7A7
:10F2000010F8012084F818022078012802D100208B
:10F2100084F81802B7EE000A04F5087484ED000AB9
:10F220001B4860601B48A0601B48E0601B482061D1
:10F230001B4860611B48A0611B48E0611B482062BD
:10F240001B4860621B48A0621B48E0621B482063A9
:10F250001B4860631B48A0631B48A0641B48E06414
:10F260001B4820651B48E0631B4820641B48606402
:10F27000A4F508742046FEF71DFB204600F030F888
:10F28000A86808B1012100E00021217500BFABE7AB
:10F29000E1E5000831E50008A9DB00089DD600087B
:10F2A0005DD60008C1D7000859D400086DE40008F5
:10F2B000ABE40008B9E400086DD80008A1D8000844
:10F2C0008FD8000879D6000855E4000861E40008EA
:10F2D00081D80008B9D40008DFD5000889E5000806
:10F2E00030B52DED028B93B005461DB913B0BDECC2
:10F2F000028B30BD05F154049FEDC30A84ED020A70
:10F300009FEDC10A84ED110A287801287CD19FED78
:10F31000BF0A84ED000A9FEDBE0A84ED010A9FED4D
:10F32000BD0A84ED030AB1EE000A84ED040A9FEDE4
:10F33000BA0A84ED050A9FEDB80A84ED0B0A9FED29
:10F34000B70A84ED120AB2EE040A84ED130A9FEDA7
:10F35000B20A84ED1E0A9FEDB00A84ED240A9FEDE7
:10F36000B00A84ED2A0A9FEDAF0A84ED300AB1EEAF
:10F370000A0A84ED310AB2EE000A84ED340A9FEDE8
:10F38000A60A84ED350AB1EE080A84ED360A9FED2F
:10F39000A60A84ED330A9FEDA50A84ED320AB7EE82
:10F3A000080A84ED370A9FED9C0A84ED380AB0EE16
:10F3B000080A84ED390AB7EE080A84ED3A0A9FED8F
:10F3C000960A84ED3B0A9FED980A84ED460A9FED6C
:10F3D000920A84ED3C0A9FED900A84ED3D0A9FED70
:10F3E0008E0A84ED3E0A9FED8C0A84ED3F0A9FED64
:10F3F0008A0A84ED400A9FED850A84ED000A9FED9C
:10F40000840A84ED010A00E008E09FED7F0A84EDA4
:10F41000020A9FED800A84ED030AF3E09FED840A5F
:10F4200084ED000A9FED830A84ED010A9FED790ABD
:10F4300084ED030AB1EE020A84ED040A9FED7E0A10
:10F44000B0EE408A18227D490DA8F0F7EAFE0020B0
:10F450002EE00DA901EB800191ED000ADFED760AA7
:10F4600020EE200A04F1140101EB800181ED000A75
:10F470000DA901EB800191ED000ADFED710A20EE8C
:10F48000200ADFED700A20EE200ADFED660A20EE8A
:10F49000200A04F12C0101EB800181ED000AB2EE9B
:10F4A000040A04F14C0101EB800181ED000A401CCB
:10F4B0000628CEDB9FED640A84ED120A9FED630AF5
:10F4C00084ED190A9FED620A84ED1A0A9FED610A24
:10F4D00084ED1B0A9FED550A84ED1C0AB3EE0E0A5B
:10F4E00084ED1D0A18225549183107A8F0F799FE36
:10F4F00018225249303101A8F0F793FE00201EE097
:10F5000007A901EB800191ED000ADFED480A20EE2A
:10F51000200A04F1780101EB800181ED000A01A9C4
:10F5200001EB800191ED000ADFED4B0A20EE200A8D
:10F5300004F1900101EB800181ED000A401C0628D6
:10F54000DEDB9FED460A84ED2A0A9FED400A84ED3A
:10F550002B0A9FED3F0A84ED2C0A9FED3E0A84EDB5
:10F560002D0A9FED320A84ED2E0AB3EE0E0A84EDC9
:10F570002F0A9FED3B0A84ED300AB2EE030A84EDB8
:10F58000310AB2EE0E0A84ED340A9FED230A84EDAF
:10F59000350AB1EE080A84ED360A9FED230A84EDA0
:10F5A000330A9FED220A84ED320AB0EE000A84EDA0
:10F5B000370A9FED190A84ED380AB0EE080A84ED87
:10F5C000390AB0EE000A84ED3A0A9FED130A84ED81
:10F5D0003B0A9FED150A84ED460A9FED0F0A84ED64
:10F5E0003C0A9FED0D0A84ED3D0A9FED0B0A84ED68
:10F5F0003E0A9FED090A84ED3F0A9FED070A84ED5C
:10F60000400A00BF00BF71E66F12833A00803B449E
:10F61000007C924800007A450000000052D8A043C8
:10F620000000FA435C8FC23E00000C420000204202
:10F6300000002F440050434825365639045C010829
:10F64000CDCCCC3FCDCC4C3FB85E7E430000964243
:10F6500000008C420000704200005C440080BB440B
:10F6600060E5003F70B504460D4616460CB105B185
:10F6700006B970BD4FF4B2612046F0F7EBFD2A46A3
:10F6800000212046FFF7AAFD3246012104F51E7035
:10F69000FFF7A4FD022004F2345404F8440C04F8EB
:10F6A000430C00202077FF2060770D48E0620D4872
:10F6B00020630D4860630D48A0630D48E0630D486A
:10F6C00060640D48A0640D48E0640D4820650D4855
:10F6D00060650D482064A4F2345400BFC9E70000FF
:10F6E0007B56010845550108EB550108F7550108FF
:10F6F0000B5601089B5501087F550108ED51010883
:10F7000043520108275201086755010800B101B9A9
:10F71000704701600022426280F8282080F829208A
:10F7200002710123437183719FED120A80ED020A79
:10F730009FED100A80ED030A9FED0E0A80ED080A86
:10F740000223C371002303619FED0A0A80ED050ABD
:10F750009FED080A80ED060AC361074AC262074AA4
:10F760000263074A4263074A8263074AC26300BFD3
:10F77000CEE700000000000083590108C5590108C8
:10F78000E5590108C15801086D59010882B0CDE959
:10F79000000121F0004001909DED000B02B051EC02
:10F7A000100B704710B52DED048B2348D0ED000AE7
:10F7B0009FED220AC8210220F4F796F8204880ED38
:10F7C000060A2049B1F90600F0F73BFF41EC190B9E
:10F7D0009FED1D0B53EC102BF0F752FE41EC180B74
:10F7E000F0F7C8FF1A4988611A4890ED120A1448C8
:10F7F00080ED1C0A184890ED120A084680ED3F0A79
:10F80000144890ED130A0E4880ED180A124890ED46
:10F81000130A084680ED3B0A0E4890ED100A08488E
:10F8200080ED230A0C4890ED0F0A084680ED460A49
:10F83000BDEC048B10BD00005C0100206F12833A08
:10F84000CC3C0020311A0020FCA9F1D24D62503F7F
:10F85000483B0020283E0020C83D002001200B49E5
:10F86000087000200A4908600A4908709FED0A0ADA
:10F870000A4880ED050A9FED080A80ED000A002085
:10F880000649C1F87801C1F87C017047F1010020F8
:10F89000340400408C01002000000000483B0020A0
:10F8A00010B52DED068B5148D0F87801B0F57A7F70
:10F8B00053DC4E48D0F87801401C4C49C1F878011F
:10F8C000084690ED060A10EE101A0846F0F70FFFF2
:10F8D00041EC1A0B9FED460B53EC102BF0F7D0FDCB
:10F8E00041EC190BB0EE490AF0EE690AFAF7BCFEDA
:10F8F000B0EE408AF0EE608A9FED3F0B53EC102B88
:10F9000051EC180BF0F71EFF06D83848D0F87C01F0
:10F91000401C3649C1F87C013448D0F87801B0F574
:10F920007A7F1AD13148D0F87C01B0F5487F0BDBE3
:10F930000120334908700020324908700120324903
:10F9400008703249087002E0002030490870002039
:10F950002649C1F87801C1F87C012D4890ED120AC2
:10F9600010EE101A0846F0F7C2FE41EC190BB0EE8B
:10F97000490AF0EE690AFAF777FEB0EE408AF0EE37
:10F98000608A9FED240B53EC102B51EC180BF0F711
:10F99000D9FE05D821480088401C2049088002E093
:10F9A00000201E4908801D480088B0F57A7F0BDBD7
:10F9B0000020144908700120134908701349087089
:10F9C00000201649088002E00020104908700F4806
:10F9D000007838B912480078401C1149087001209D
:10F9E00008490870BDEC068B10BD0000483B0020A4
:10F9F000000000000000F03F000000000000144084
:10FA0000EC0100208C01002084010020F101002085
:10FA1000C83D00200000000000406A40F4010020C2
:10FA2000F20100200149B1F906007047311A0020A7
:10FA30000149D1F802007047311A002002B2034B8D
:10FA4000A3F803201A46917070470000671A00203F
:10FA5000F0EE400A012802D1B1EE600A7047022898
:10FA600002D1B0EE600AF9E79FED010AF6E7000067
:10FA7000000000000FB52DED060B91B09DED140AAE
:10FA8000FE4880ED070A9DED130A80ED650AD0ED72
:10FA9000070A9DED150A30EEC00A80ED080A1A9893
:10FAA000D0ED000A9DED160AF4EEC00AF1EE10FA50
:10FAB0007ED8B7EE000AF14880ED5B0AB7EE000A87
:10FAC00080ED5C0A1198F0F712FECDE90801189854
:10FAD00000680390F0F70BFE9FEDE90B53EC102B41
:10FAE000CDE904019DED040B51EC100BF0F7C8FCBF
:10FAF000CDE906019DED080B53EC102B9DED060B97
:10FB000051EC100BF0F7BCFCCDE90C011798006824
:10FB10000990F0F7ECFDCDE90A019DED0C0B53ECDB
:10FB2000102B9DED0A0B51EC100BF0F702FCCDE908
:10FB30000E019DED0E0B51EC100BF0F71BFECF49A3
:10FB4000C1F864011198F0F7D2FDCDE906011898CB
:10FB500000680190F0F7CBFD9FEDC90B53EC102B23
:10FB6000CDE902019DED020B51EC100BF0F788FC82
:10FB7000CDE904019DED060B53EC102B9DED040B1C
:10FB800051EC100BF0F77CFCCDE90A0117980068E6
:10FB90000790F0F7ACFDCDE908019DED0A0B53ECA1
:10FBA000102B9DED080B51EC100BF0F763FC00E0FF
:10FBB000B5E0CDE90C019DED0C0B51EC100B81F083
:10FBC0000041CDE90E019DED0E0B51EC100BF0F74D
:10FBD000D1FDAA49C1F868011198F0F788FDCDE977
:10FBE0000A019DED0A0B53EC102B9FEDA70B51EC76
:10FBF000100BF0F7B7FCCDE90E01199800680B90D7
:10FC0000F0F775FDCDE90C019DED0E0B53EC102BBB
:10FC10009DED0C0B51EC100BF0F794FD18D81198DA
:10FC2000F0F765FDCDE90C019DED0C0B53EC102BAD
:10FC30009FED950B51EC100BF0F794FCCDE90E0104
:10FC40009DED0E0B51EC100BF0F794FD1999086027
:10FC5000199800680B90F0F74AFD9FED8D0B53EC5F
:10FC6000102BCDE90C019DED0C0B51EC100BF0F7B6
:10FC700007FCCDE90E019DED0E0B51EC100BF0F7DA
:10FC800079FD85490860084690ED000AB5EEC00A86
:10FC9000F1EE10FA31DD90ED000AB0EE001AC1EE7F
:10FCA000000A9DED110A30EE800A7C4880ED000AC2
:10FCB0009DED110AD0ED000A80EE201A6F4880ED0C
:10FCC000621A90ED620A80ED610A084690ED000A22
:10FCD000B0EE001AC1EE000A9DED110A30EEC00A26
:10FCE0006E48D0ED000A80EE201A644880ED641A58
:10FCF000B7EE000A80ED630A93E29FED690A5F4860
:10FD000080ED620A9FED660A80ED610A9FED640A4C
:10FD100080ED640A9FED620A80ED630AECE71A98B1
:10FD2000D0ED010A9DED160AF4EEC00AF1EE10FACC
:10FD30007ED8B7EE000A514880ED5B0AB7EE000AA4
:10FD400080ED5C0A1198F0F7D2FCCDE90801189813
:10FD500040680390F0F7CBFC9FED490B53EC102B60
:10FD6000CDE904019DED040B51EC100BF0F788FB7D
:10FD7000CDE906019DED080B53EC102B9DED060B14
:10FD800051EC100BF0F77CFBCDE90C0117984068A3
:10FD90000990F0F7ACFCCDE90A019DED0C0B53EC9A
:10FDA000102B9DED0A0B51EC100BF0F7C2FACDE9C8
:10FDB0000E019DED0E0B51EC100BF0F7DBFC2F4903
:10FDC000C1F864011198F0F792FCCDE9060118988A
:10FDD00040680190F0F78BFC9FED290B53EC102B42
:10FDE000CDE902019DED020B51EC100BF0F748FB41
:10FDF000CDE904019DED060B53EC102B9DED040B9A
:10FE000051EC100BF0F73CFBCDE90A011798406864
:10FE10000790F0F76CFCCDE908019DED0A0B53EC5F
:10FE2000102B9DED080B51EC100BF0F723FB00E0BD
:10FE3000CAE0CDE90C019DED0C0B51EC100B81F0EB
:10FE40000041CDE90E019DED0E0B51EC100BF0F7CA
:10FE500091FC0A49C1F868011198F0F748FCCDE916
:10FE60000A019DED0A0B53EC102B9FED070B51EC93
:10FE7000100BF0F777FBCDE90E0113E0B44400203E
:10FE8000000000000000E03F000000000000D03F44
:10FE90001F85EB51B81E19404C160020501600204B
:10FEA00000000000199840680B90F0F720FCCDE9A5
:10FEB0000C019DED0E0B53EC102B9DED0C0B51EC3A
:10FEC000100BF0F73FFC18D81198F0F710FCCDE9B3
:10FED0000C019DED0C0B53EC102B1FED150B51EC91
:10FEE000100BF0F73FFBCDE90E019DED0E0B51EC31
:10FEF000100BF0F73FFC19994860199840680B9077
:10FF0000F0F7F5FB1FED1E0B53EC102BCDE90C01A8
:10FF10009DED0C0B51EC100BF0F7B2FACDE90E0190
:10FF20009DED0E0B51EC100BF0F724FCFE49086020
:10FF3000084690ED000AB5EEC00AF1EE10FA31DD88
:10FF400090ED000AB0EE001AC1EE000A9DED110A14
:10FF500030EE800AF54880ED000A9DED110AD0EDE3
:10FF6000000A80EE201AF24880ED621A90ED620AD3
:10FF700080ED610A084690ED000AB0EE001AC1EE6D
:10FF8000000A9DED110A30EEC00AE848D0ED000AE3
:10FF900080EE201AE64880ED641AB7EE000A80ED84
:10FFA000630A3EE11FED420AE14880ED620A1FED5F
:10FFB000440A80ED610A1FED460A80ED640A1FEDD8
:10FFC000480A80ED630A2CE11A98D0ED020A9DEDF3
:10FFD000160AF4EEC00AF1EE10FA7CD8B7EE000A69
:10FFE000D34880ED5B0AB7EE000A80ED5C0A1198F9
:10FFF000F0F77DFBCDE90801189880680390F0F7D1
:020000040801F1
:1000000076FB1FED610B53EC102BCDE904019DED48
:10001000040B51EC100BF0F733FACDE906019DED1E
:10002000080B53EC102B9DED060B51EC100BF0F769
:1000300027FACDE90C01179880680990F0F757FB73
:10004000CDE90A019DED0C0B53EC102B9DED0A0B35
:1000500051EC100BF0F76DF9CDE90E019DED0E0B93
:1000600051EC100BF0F786FBB149C1F8640111980F
:10007000F0F73DFBCDE90601189880680190F0F794
:1000800036FB1FED810B53EC102BCDE902019DEDEA
:10009000020B51EC100BF0F7F3F9CDE904019DEDE3
:1000A000060B53EC102B9DED040B51EC100BF0F7ED
:1000B000E7F9CDE90A01179880680790F0F717FB78
:1000C000CDE908019DED0A0B53EC102B9DED080BBB
:1000D00051EC100B00E0B7E0F0F7CCF9CDE90C01E2
:1000E0009DED0C0B51EC100B81F00041CDE90E01A0
:1000F0009DED0E0B51EC100BF0F73CFB8C49C1F859
:1001000068011198F0F7F3FACDE90A019DED0A0BA9
:1001100053EC102B1FEDA40B51EC100BF0F722FA4F
:10012000CDE90E01199880680B90F0F7E0FACDE95F
:100130000C019DED0E0B53EC102B9DED0C0B51ECB7
:10014000100BF0F7FFFA18D81198F0F7D0FACDE9B4
:100150000C019DED0C0B53EC102B1FEDB50B51EC6E
:10016000100BF0F7FFF9CDE90E019DED0E0B51ECF0
:10017000100BF0F7FFFA19998860199880680B90B6
:10018000F0F7B5FA1FEDBE0B53EC102BCDE90C01C7
:100190009DED0C0B51EC100BF0F772F9CDE90E014F
:1001A0009DED0E0B51EC100BF0F7E4FA5E49086080
:1001B000084690ED000AB5EEC00AF1EE10FA31DD06
:1001C00090ED000AB0EE001AC1EE000A9DED110A92
:1001D00030EE800A554880ED000A9DED110AD0ED01
:1001E000000A80EE201A524880ED621A90ED620AF1
:1001F00080ED610A084690ED000AB0EE001AC1EEEB
:10020000000A9DED110A30EEC00A4848D0ED000A00
:1002100080EE201A464880ED641AB7EE000A80EDA1
:10022000630AE3E31FEDE20A414880ED620A1FED35
:10023000E40A80ED610A1FEDE60A80ED640A1FED15
:10024000E80A80ED630AD1E31A98D0ED030A9DED28
:10025000160AF4EEC00AF1EE10FA6FD8B7EE000AF3
:10026000334880ED5B0AB7EE000A80ED5C0A119816
:10027000F0F73DFACDE908011898C0680390F0F74F
:1002800036FA9FED2C0B53EC102BCDE904019DEDBC
:10029000040B51EC100BF0F7F3F8CDE906019DEDDE
:1002A000080B53EC102B9DED060B51EC100BF0F7E7
:1002B000E7F8CDE90C011798C0680990F0F717FA34
:1002C000CDE90A019DED0C0B53EC102B9DED0A0BB3
:1002D00051EC100BF0F72DF8CDE90E019DED0E0B52
:1002E00051EC100BF0F746FA1149C1F8640111986E
:1002F000F0F7FDF9CDE906011898C0680190F0F714
:10030000F6F99FED0C0B53EC102BCDE902019DED9E
:10031000020B51EC100BF0F7B3F8CDE904019DEDA1
:10032000060B53EC102B0AE04C1600205016002050
:10033000B4440020000000000000E03FCEE09DED4E
:10034000040B51EC100BF0F79BF8CDE90A0117985C
:10035000C0680790F0F7CBF9CDE908019DED0A0BD5
:1003600053EC102B9DED080B51EC100BF0F782F8BD
:10037000CDE90C019DED0C0B51EC100B81F000410F
:10038000CDE90E019DED0E0B51EC100BF0F7F2F9DB
:10039000FE49C1F868011198F0F7A9F9CDE90A0101
:1003A0009DED0A0B53EC102B9FEDF90B51EC100B4C
:1003B000F0F7D8F8CDE90E011998C0680B90F0F766
:1003C00096F9CDE90C019DED0E0B53EC102B9DED34
:1003D0000C0B51EC100BF0F7B5F918D81198F0F799
:1003E00086F9CDE90C019DED0C0B53EC102B9FED24
:1003F000E80B51EC100BF0F7B5F8CDE90E019DEDCF
:100400000E0B51EC100BF0F7B5F91999C86019985B
:10041000C0680B90F0F76BF99FEDDF0B53EC102BDE
:10042000CDE90C019DED0C0B51EC100BF0F728F809
:10043000CDE90E019DED0E0B51EC100BF0F79AF982
:10044000D7490860084690ED000AB5EEC00AF1EE03
:1004500010FA31DD90ED000AB0EE001AC1EE000A8C
:100460009DED110A30EE800ACE4880ED000A9DED28
:10047000110AD0ED000A80EE201AC44880ED621AFD
:1004800090ED620A80ED610A084690ED000AB0EE38
:10049000001AC1EE000A9DED110A30EEC00AC148F3
:1004A000D0ED000A80EE201AB84880ED641AB7EE4D
:1004B000000A80ED630A99E29FEDBB0AB34880ED24
:1004C000620A9FEDB90A80ED610A9FEDB70A80EDDF
:1004D000640A9FEDB50A80ED630A87E21A98D0EDB1
:1004E000040A9DED160AF4EEC00AF1EE10FA7CD86B
:1004F000B7EE000AA54880ED5B0AB7EE000A80ED72
:100500005C0A1198F0F7F3F8CDE908011898006932
:100510000390F0F7ECF81FED790B53EC102BCDE9BD
:1005200004019DED040B51EC100BEFF7A9FFCDE991
:1005300006019DED080B53EC102B9DED060B51ECC5
:10054000100BEFF79DFFCDE90C011798006909909A
:10055000F0F7CDF8CDE90A019DED0C0B53EC102B13
:100560009DED0A0B51EC100BEFF7E3FECDE90E0108
:100570009DED0E0B51EC100BF0F7FCF88349C1F820
:1005800064011198F0F7B3F8CDE9060118980069F5
:100590000190F0F7ACF81FED990B53EC102BCDE95F
:1005A00002019DED020B51EC100BEFF769FFCDE955
:1005B00004019DED060B53EC102B9DED040B51EC4B
:1005C000100BEFF75DFFCDE90A011798006907905E
:1005D000F0F78DF8CDE908019DED0A0B53EC102BD7
:1005E0009DED080B51EC100B00E0B7E0EFF742FF78
:1005F000CDE90C019DED0C0B51EC100B81F000418D
:10060000CDE90E019DED0E0B51EC100BF0F7B2F899
:100610005E49C1F868011198F0F769F8CDE90A015F
:100620009DED0A0B53EC102B9FED590B51EC100B69
:10063000EFF798FFCDE90E01199800690B90F0F7DC
:1006400056F8CDE90C019DED0E0B53EC102B9DEDF2
:100650000C0B51EC100BF0F775F818D81198F0F757
:1006600046F8CDE90C019DED0C0B53EC102B9FEDE2
:10067000480B51EC100BEFF775FFCDE90E019DED26
:100680000E0B51EC100BF0F775F8199908611998D9
:1006900000690B90F0F72BF89FED3F0B53EC102BFC
:1006A000CDE90C019DED0C0B51EC100BEFF7E8FEC2
:1006B000CDE90E019DED0E0B51EC100BF0F75AF841
:1006C00037490860084690ED000AB5EEC00AF1EE21
:1006D00010FA31DD90ED000AB0EE001AC1EE000A0A
:1006E0009DED110A30EE800A2E4880ED000A9DED46
:1006F000110AD0ED000A80EE201A244880ED621A1B
:1007000090ED620A80ED610A084690ED000AB0EEB5
:10071000001AC1EE000A9DED110A30EEC00A214810
:10072000D0ED000A80EE201A184880ED641AB7EE6A
:10073000000A80ED630A59E19FED1B0A134880ED22
:10074000620A9FED190A80ED610A9FED170A80ED9C
:10075000640A9FED150A80ED630A47E1B7EE000ACF
:100760000A4880ED5B0AB7EE000A80ED5C0A11983A
:10077000EFF7BDFFCDE90801189840690390EFF746
:10078000B6FF9FED0A0B53EC102B13E0B44400208E
:10079000000000000000D03F1F85EB51B81E19403B
:1007A0004C16002050160020000000000000000041
:1007B0000000E03FCDE904019DED040B51EC100B6E
:1007C000EFF75EFECDE906019DED080B53EC102B13
:1007D0009DED060B51EC100BEFF752FECDE90C012D
:1007E000179840690990EFF782FFCDE90A019DED66
:1007F0000C0B53EC102B9DED0A0B51EC100BEFF78B
:1008000098FDCDE90E019DED0E0B51EC100BEFF7AD
:10081000B1FFCD49C1F864011198EFF768FFCDE948
:100820000601189840690190EFF761FF1FED210B59
:1008300053EC102BCDE902019DED020B51EC100B96
:10084000EFF71EFECDE904019DED060B53EC102BD6
:100850009DED040B51EC100BEFF712FECDE90A01F0
:10086000179840690790EFF742FFCDE908019DED29
:100870000A0B53EC102B9DED080B51EC100BEFF70E
:10088000F9FDCDE90C019DED0C0B51EC100B81F045
:100890000041CDE90E019DED0E0B51EC100BEFF771
:1008A00069FFA949C1F868011198EFF720FFCDE968
:1008B0000A019DED0A0B53EC102B1FED4B0B51EC75
:1008C000100BEFF74FFECDE90E01199840690B9020
:1008D000EFF70DFFCDE90C019DED0E0B53EC102B46
:1008E0009DED0C0B51EC100BEFF72CFF18D8119865
:1008F000EFF7FDFECDE90C019DED0C0B53EC102B39
:100900001FED5D0B51EC100BEFF72CFECDE90E0146
:100910009DED0E0B51EC100BEFF72CFF1999486170
:10092000199840690B90EFF7E2FE1FED650B53EC51
:10093000102BCDE90C019DED0C0B51EC100BEFF7DA
:100940009FFDCDE90E019DED0E0B51EC100BEFF765
:1009500011FF7E490860084690ED000AB5EEC00A16
:10096000F1EE10FA31DD90ED000AB0EE001AC1EEA2
:10097000000A9DED110A30EE800A754880ED000AEC
:100980009DED110AD0ED000A80EE201A6E4880ED30
:10099000621A90ED620A80ED610A084690ED000A45
:1009A000B0EE001AC1EE000A9DED110A30EEC00A49
:1009B0006748D0ED000A80EE201A634880ED641A83
:1009C000B7EE000A80ED630A10E01FED890A5E4869
:1009D00080ED620A1FED8C0A80ED610A1FED8E0A20
:1009E00080ED640A1FED900A80ED630A564890ED91
:1009F000090A80ED0A0A90ED080A80ED090A90EDD7
:100A00000B0A80ED0C0A90ED5C0AD0ED0C0A20EE8A
:100A1000200AD0ED590A90ED091A00EE810AD0EDB6
:100A20005A0A90ED0A1A00EE810A80ED0B0A90ED49
:100A30000B0AD0ED650AB4EEE00AF1EE10FA04DB21
:100A400090ED650A80ED0B0A11E03F4890ED0B0A2E
:100A5000D0ED650AF1EE600AB4EEE00AF1EE10FAAC
:100A600005D890ED650AB1EE400A80ED0B0A9DEDC8
:100A7000120AB5EEC00AF1EE10FA31DD9DED150A4D
:100A8000DDED120A80EE201A2F4890ED000A31EEBB
:100A9000400A304880ED000A2B4890ED110A80EDA5
:100AA000120A2C4890ED000A274880ED110A90EDBB
:100AB000130A80ED140A90ED640AD0ED140A20EEBA
:100AC000200AD0ED610A90ED111A00EE810AD0EDF6
:100AD000620A90ED121A00EE810A80ED130A04E01A
:100AE0001FEDCF0A184880ED130A174890ED0B0A46
:100AF000D0ED130A30EE600A80ED000A90ED000A96
:100B0000D0ED650AB4EEE00AF1EE10FA04DB90EDE8
:100B1000650A80ED000A11E00B48D0ED000A90ED67
:100B2000650AB1EE400AF4EEC00AF1EE10FA05D8FB
:100B300090ED650AB1EE400A80ED000A024890EDA2
:100B4000000A1BB000BD0000B44400204C16002079
:100B5000501600205416002010B52DED048B61486E
:100B6000D0F8020060490860604840685F498860CA
:100B70005D480068486008464068C968884218D9DE
:100B80005A48C06859494968401A58490861086973
:100B9000EFF757FD41EC190B9FED550B53EC102B64
:100BA000EFF76EFC41EC180BEFF7E4FD4F49C8631B
:100BB00017E04E48C0684D494968401A4B490861E2
:100BC0000869EFF73EFD41EC190B9FED490B53EC23
:100BD000102BEFF755FC41EC180BEFF7CBFD434919
:100BE000C863424890ED0F0ADFED430AB4EEE00A15
:100BF000F1EE10FA08DD90ED0F0ADFED400A30EE5D
:100C0000600A80ED0F0A11E0384890ED0F0ADFED21
:100C10003C0AB4EEE00AF1EE10FA07D290ED0F0AAA
:100C2000DFED360A30EE200A80ED0F0A2F4880688B
:100C3000344988420BD32D48406841F2C161884253
:100C400005D82A484069401E284948610FE02748D6
:100C5000806841F2C161884209D824484068294926
:100C6000884204D921484069401C204948611F49F5
:100C70000A69898A02EB4150EFF7E3FC41EC180B5B
:100C80009FED1B0B53EC102BEFF7FAFB174AC2E951
:100C90000601104690ED060BB0EE401AF0EE601A19
:100CA000DFED190A9FED190A0220F1F76FFBB0EE94
:100CB000408AF0EE608A51EC180BEFF75BFD0B49B0
:100CC0008864084690ED120AB0EE401ADFED0E0A75
:100CD0009FED0F0AF2F786F9044880ED130ABDEC88
:100CE000048B10BD311A002088010020C83D00206F
:100CF00066631A000080263F000034430000B443BE
:100D0000000034C33FE91F006F12833A00004842DD
:100D100000008C4210B52DED108B88B0F0EE409A9B
:100D2000B0EE60AAF0EE41AAB0EE61BAF0EE428AEF
:100D3000B0EE629AF0EE43BAB0EE63DAB0EE448AF7
:100D40000446B7EE000AC44880ED710AB7EE000A07
:100D500080ED720A1AEE900AEFF7C9FC41EC1C0B09
:100D60001AEE100AEFF7C3FC41EC1E0B9FEDBB0B14
:100D700053EC102BEFF784FB53EC1C2BCDE9020155
:100D80009DED020B51EC100BEFF77AFBCDE906015C
:100D900019EE900AEFF7ABFCCDE904019DED060BCF
:100DA00053EC102B9DED040B51EC100BEFF7C1FA37
:100DB00041EC1F0BEFF7DEFCA749C1F8BC011AEEAE
:100DC000900AEFF794FC41EC1E0B1AEE100AEFF7B5
:100DD0008EFC41EC1C0B9FEDA10B53EC102BEFF79D
:100DE0004FFB53EC1E2BCDE900019DED000B51ECA8
:100DF000100BEFF745FB41EC1F0B19EE900AEFF7D4
:100E000076FC53EC1F2BCDE902019DED020B51EC5A
:100E1000100BEFF72FFBCDE904019DED040B51EC16
:100E2000100B81F00041CDE906019DED060B51EC60
:100E3000100BEFF79FFC8849C1F8C001084680ED10
:100E400073BAC0ED22BAF5EEC08AF1EE10FA04D101
:100E5000B5EEC09AF1EE10FA4AD07F4890ED220A22
:100E6000B5EEC00AF1EE10FA43DB19EE100AEFF707
:100E70003EFC41EC1F0B9FED7B0B53EC102BEFF76F
:100E8000F9FA41EC1C0B18EE100AEFF730FC41ECBC
:100E90001E0B53EC1C2BEFF755FC2AD839EE480AF1
:100EA00010EE101A0846EFF722FC41EC1E0B6A48C0
:100EB00090ED220A10EE101A0846EFF718FC41ECEC
:100EC0001C0B9FED660B53EC102BEFF7D9FA41EC9E
:100ED0001F0B53EC1E2BEFF7D3FACDE906019DED66
:100EE000060B51EC100BEFF745FC5B49C1F888008D
:100EF0004AE0594890ED220AB5EEC00AF1EE10FA28
:100F000042D818EE900AEFF7F2FB41EC1E0B9FED72
:100F1000550B53EC102BEFF70CFA41EC1F0B18EEAE
:100F2000100AEFF7E4FB41EC1C0B53EC1F2BEFF71F
:100F3000F1FB29D838EE680A10EE101A0846EFF7D0
:100F4000D6FB41EC1E0B444890ED220A10EE101A1D
:100F50000846EFF7CCFB41EC1C0B9FED400B53EC2C
:100F6000102BEFF78DFA41EC1F0B53EC1E2BEFF714
:100F700087FACDE906019DED060B51EC100BEFF75A
:100F8000F9FB3549C1F88800334890ED220A30EE6C
:100F90004D0A80ED230A04BB90ED240A80ED250A5A
:100FA00090ED230A80ED240A90ED260A80ED270AB1
:100FB00090ED720AD0ED270A20EE200AD0ED6F0ADC
:100FC00090ED241A00EE810AD0ED700A90ED251AFA
:100FD00000EE810A80ED260A12E0012C10D19FED6F
:100FE000230A1D4880ED250A9FED200A80ED240A82
:100FF0009FED1E0A80ED270A9FED1C0A80ED260A50
:10100000154890ED260AD0ED730AB4EEE00AF1EE31
:1010100010FA04DD90ED730A80ED260A11E00E4807
:1010200090ED260AD0ED730AF1EE600AB4EEE00A04
:10103000F1EE10FA05D290ED730AB1EE400A80EDA0
:10104000260A054890ED260A80ED1C0A90ED1C0A40
:1010500008B0BDEC108B10BDB444002000000000AF
:101060000000E03F00000000000000400000000021
:1010700000B52DED108B89B0B0EE408AF0EE608A9D
:10108000B0EE419AF0EE619AB0EE42AAF0EE62AA9A
:10109000B0EE43DAF0EE63DAB0EE44EAF5EEC08A81
:1010A000F1EE10FA0BD19FEDAE0AAE4880ED870A43
:1010B00080ED848A9FEDAA0A80ED850A7AE0B7EE7A
:1010C000000AA84880ED870A19EE100AEFF70FFB17
:1010D00041EC1F0B18EE900AEFF709FB9FEDA20BF6
:1010E00053EC102BCDE902019DED020B51EC100BDE
:1010F000EFF7C6F953EC1F2BCDE904019DED040B6E
:1011000051EC100BEFF7BCF941EC1C0B18EE100A78
:10111000EFF7EDFA53EC1C2BCDE906019DED060B24
:1011200051EC100BEFF705F941EC1B0BEFF722FB2D
:101130008C49C1F8100219EE100AEFF7D8FA41EC09
:101140001B0B18EE900AEFF7D2FA9FED870B53ECCA
:10115000102BCDE900019DED000B51EC100BEFF7CA
:101160008FF953EC1B2BCDE902019DED020B51ECE5
:10117000100BEFF785F941EC1C0B18EE100AEFF796
:10118000B6FA41EC1F0B53EC1C2BEFF773F9CDE9CA
:1011900004019DED040B51EC100B81F00041CDE9F1
:1011A00006019DED060B51EC100BEFF7E3FA6D49CC
:1011B000C1F814026B48C0ED82AA80ED49DA90EDC7
:1011C000490A30EE6D0A80ED4A0A90ED4A0ADFEDD9
:1011D000680AB4EEE00AF1EE10FA08DD90ED4A0A72
:1011E000DFED640A30EE600A80ED4A0A11E05D48E6
:1011F00090ED4A0ADFED600AB4EEE00AF1EE10FA73
:1012000007D290ED4A0ADFED5B0A30EE200A80ED4E
:101210004A0A544890ED4A0AB4EEE90AF1EE10FA8F
:101220000EDD9FED4F0A80ED4C0A9FED4D0A80EDDB
:101230004B0A9FED4B0A80ED4E0A80ED4DAA3FE030
:10124000484890ED4A0AFFEE000A69EEA00AB4EEA3
:10125000E00AF1EE10FA12D29FED410A80ED4C0A3D
:101260009FED3F0A80ED4B0A9FED3D0A80ED4E0A4F
:10127000BFEE000A2AEE000A80ED4D0A20E0394850
:1012800090ED4B0A80ED4C0A90ED4A0A80ED4B0A36
:1012900090ED4D0A80ED4E0A90ED870AD0ED4E0A92
:1012A00020EE200AD0ED840A90ED4B1A00EE810A60
:1012B000D0ED850A90ED4C1A00EE810A80ED4D0AC2
:1012C000284890ED4D0AD0ED820AB4EEE00AF1EE26
:1012D00010FA04DD90ED820A80ED4D0A11E02148FC
:1012E00090ED4D0AD0ED820AF1EE600AB4EEE00A0C
:1012F000F1EE10FA05D290ED820AB1EE400A80EDCF
:101300004D0A184890ED4D0A20EE0E0A80ED150AA0
:1013100090ED150AD0ED820AB4EEE00AF1EE10FA73
:1013200004DD90ED820A80ED150A11E00D4890ED84
:10133000150AD0ED820AF1EE600AB4EEE00AF1EE91
:1013400010FA05D290ED820AB1EE400A80ED150A3E
:10135000044890ED150A09B0BDEC108B00BD0000EB
:1013600000000000B4440020000000000000E03F46
:10137000000034430000B443000034C300B52DED39
:10138000108B85B0B0EE408AF0EE608AB0EE419AE4
:10139000F0EE619AB0EE42AAF0EE62AAB7EE000A51
:1013A000614880ED560AB7EE000A80ED570A19EE43
:1013B000100AEFF79CF941EC1F0B18EE900AEFF7BB
:1013C00096F941EC1C0B9FED590B53EC102BEFF7EA
:1013D00057F853EC1F2BCDE902019DED020B51ECA8
:1013E000100BEFF74DF841EC1D0B18EE100AEFF75C
:1013F0007EF941EC1E0B53EC1D2BEEF79AFF41ECEE
:101400001B0BEFF7B7F94849C1F8500119EE100A64
:10141000EFF76DF941EC1C0B18EE900AEFF767F946
:101420009FED420B53EC102BCDE900019DED000B1D
:1014300051EC100BEFF724F841EC1D0B53EC1C2B77
:10144000EFF71EF841EC1B0B18EE100AEFF74FF9FF
:1014500041EC1E0B53EC1B2BEFF70CF841EC1F0B70
:1014600081F00041CDE902019DED020B51EC100B22
:10147000EFF780F92C49C1F85401084680ED00AA25
:10148000C0ED589A90ED000A30EE6A0A80ED010A2C
:1014900090ED020A80ED030A90ED010A80ED020A48
:1014A00090ED040A80ED050A90ED570AD0ED050A8B
:1014B00020EE200AD0ED540A90ED021A00EE810AC7
:1014C000D0ED550A90ED031A00EE810A80ED040A72
:1014D00090ED040AD0ED580AB4EEE00AF1EE10FAED
:1014E00004DB90ED580A80ED040A11E00E4890EDFF
:1014F000040AD0ED580AF1EE600AB4EEE00AF1EE0B
:1015000010FA05D890ED580AB1EE400A80ED040AB1
:10151000054890ED040A80ED060A90ED060A05B034
:10152000BDEC108B00BD0000B444002000000000A2
:101530000000E03F10B52DED108B88B0B0EE408A72
:10154000F0EE608AB0EE41AAB0EE619AF0EE429AF7
:10155000F0EE62AAB0EE43BAB0EE63DAF0EE44DA2F
:10156000F0EE64BA0446F94890ED280AB5EEC00AD8
:10157000F1EE10FA1CDD90ED280A10EE101A084664
:10158000EFF7B5F841EC1C0B9FEDF11BB0EE4C0AE8
:10159000F0EE6C0AF9F772F8B0EE40EAF0EE60EAAD
:1015A00051EC1E0BEFF7E6F8E849C1F8A00023E084
:1015B000E64890ED280AB5EEC00AF1EE10FA1BD20B
:1015C00090ED280A10EE101A0846EFF790F841EC5B
:1015D0001E0B9FEDE11BB0EE4E0AF0EE6E0AF9F71E
:1015E0004DF8B0EE40CAF0EE60CA51EC1C0BEFF7BC
:1015F000C1F8D649C1F8A000D44890ED280ADFED23
:10160000D80AB4EEE00AF1EE10FA08DD90ED280AEF
:10161000DFEDD40A30EE600A80ED280A11E0CB48F5
:1016200090ED280ADFEDD00AB4EEE00AF1EE10FAF0
:1016300007D290ED280ADFEDCB0A30EE200A80EDCC
:10164000280AF5EEC08AF1EE10FA0BD19FEDC70A19
:10165000BE4880ED770A80ED748A9FEDC40A80ED64
:10166000750A74E0B7EE000AB84880ED770A1AEE02
:10167000100AEFF73CF8CDE9040118EE900AEFF7F5
:1016800036F841EC1C0B9FEDBA0B53EC102BEEF728
:10169000F7FECDE902019DED040B53EC102B9DEDFF
:1016A000020B51EC100BEEF7EBFECDE9060118EE44
:1016B000100AEFF71CF841EC1E0B9DED060B53ECE6
:1016C000102BEEF736FE41EC1F0BEFF753F89F4956
:1016D000C1F8D0011AEE100AEFF709F841EC1C0B23
:1016E00018EE900AEFF703F89FEDA10B53EC102BC7
:1016F000CDE900019DED000B51EC100BEEF7C0FEA3
:1017000041EC1E0B53EC1C2BEEF7BAFECDE90401A5
:1017100018EE100AEEF7EBFFCDE902019DED040B88
:1017200053EC102B9DED020B51EC100BEEF7A2FECB
:1017300041EC1F0B81F00041CDE906019DED060B48
:1017400051EC100BEFF716F88049C1F8D4017F482F
:1017500080ED78DAC0ED28DAB5EEC09AF1EE10FA35
:1017600004D1F5EEC09AF1EE10FA1CD0774890ED56
:10177000280AB4EEE90AF1EE10FA02DDC0ED289A6B
:1017800009E0724890ED280AB4EEC90AF1EE10FAA9
:1017900001D280ED289A6D4890ED280A30EE6B0A50
:1017A00080ED290A56E0694890ED280A30EE6B0A70
:1017B00080ED290A90ED290A10EE101A0846EEF77E
:1017C00096FF41EC1C0B9FED6C0B53EC102BEEF7CE
:1017D000B9FF17D25D4890ED290A10EE101A08469D
:1017E000EEF785FF41EC1C0B9FED590B53EC102BD2
:1017F000EEF740FE41EC1E0BEEF7BCFF5349C1F87B
:10180000A40027E0514890ED290A10EE101A08466E
:10181000EEF76DFF41EC1C0B9FED590B53EC102BB9
:10182000EEF778FF16D2494890ED290A10EE101A0B
:101830000846EEF75CFF41EC1C0B9FED450B53ECAB
:10184000102BEEF776FD41EC1E0BEEF793FF3F49B0
:10185000C1F8A400ACBB3D4890ED290AB4EEEA0AF9
:10186000F1EE10FA0EDD9FED410A80ED2B0A9FED9F
:101870003F0A80ED2A0A9FED3D0A80ED2D0A80ED9A
:101880002CBA54E0314890ED290AFFEE000A6AEEC6
:10189000A00AB4EEE00AF1EE10FA13D29FED330A7B
:1018A00080ED2B0A9FED310A80ED2A0A9FED2F0A69
:1018B00080ED2D0ABFEE000A2BEE000A80ED2C0A07
:1018C00035E021E0214890ED2A0A80ED2B0A90EDC9
:1018D000290A80ED2A0A90ED2C0A80ED2D0A90ED60
:1018E000770AD0ED2D0A20EE200AD0ED740A90ED93
:1018F0002A1A00EE810AD0ED750A90ED2B1A00EE3F
:10190000810A80ED2C0A12E0012C10D19FED170AFC
:101910000E4880ED2B0A9FED150A80ED2A0A9FEDF7
:10192000130A80ED2D0A9FED110A80ED2C0A07485D
:1019300090ED2C0AD0ED780AB4EEE00AF1EE10FA40
:1019400022DD90ED780A80ED2C0A2FE0B4440020CF
:10195000000000000080764000000000008076C09B
:10196000000034430000B443000034C30000000012
:10197000000000000000E03F000000000080664022
:1019800000000000008066C00E4890ED2C0AD0EDEB
:10199000780AF1EE600AB4EEE00AF1EE10FA05D230
:1019A00090ED780AB1EE400A80ED2C0A054890EDE2
:1019B0002C0A80ED220A90ED220A08B0BDEC108BB3
:1019C00010BD0000B444002000B52DED108B89B08F
:1019D000F0EE408AB0EE609AF0EE41AAF0EE619A25
:1019E000B0EE42AAB0EE628AB0EE43DAF0EE63DA0D
:1019F000B0EE44EAB7EE000AD14880ED7B0AB7EEBC
:101A0000000A80ED7C0A18EE100AEEF770FECDE9B0
:101A1000060119EE100AEEF76AFE9FEDCA0B53ECB1
:101A2000102BCDE902019DED020B51EC100BEEF7EE
:101A300027FDCDE904019DED060B53EC102B9DED28
:101A4000040B51EC100BEEF71BFD41EC1F0B18EED5
:101A5000900AEEF74CFE41EC1C0B53EC1F2BEEF7FB
:101A600068FC41EC1B0BEEF785FEB549C1F8E401BB
:101A700018EE100AEEF73BFE41EC1C0B19EE100AB3
:101A8000EEF735FE9FEDAF0B53EC102BCDE90001C7
:101A90009DED000B51EC100BEEF7F2FC53EC1C2B00
:101AA000CDE902019DED020B51EC100BEEF7E8FCC5
:101AB00041EC1B0B18EE900AEEF719FE41EC1F0BE0
:101AC00053EC1B2BEEF7D6FCCDE904019DED040B86
:101AD00051EC100B81F00041CDE906019DED060BA4
:101AE00051EC100BEEF746FE9549C1F8E801B7EE50
:101AF000000A084680ED7F0AB7EE000A80ED800AF2
:101B000018EE100AEEF7F3FD41EC1C0B1AEE100A6A
:101B1000EEF7EDFD9FED8B0B53EC102BCDE90201A1
:101B20009DED020B51EC100BEEF7AAFC41EC1B0BE8
:101B300053EC1C2BEEF7A4FC41EC1F0B19EE900AA2
:101B4000EEF7D5FD53EC1F2BCDE904019DED040B01
:101B500051EC100BEEF7EDFBCDE906019DED060B08
:101B600051EC100BEEF706FE7549C1F8F40118EEC2
:101B7000100AEEF7BCFD41EC1B0B1AEE100AEEF753
:101B8000B6FD41EC1F0B9FED6F0B53EC102BEEF7E6
:101B900077FC41EC1C0B53EC1B2BEEF771FCCDE9F1
:101BA000020119EE900AEEF7A2FDCDE900019DEDCC
:101BB000020B53EC102B9DED000B51EC100BEEF7CC
:101BC00059FCCDE904019DED040B51EC100B81F0A3
:101BD0000041CDE906019DED060B51EC100BEEF72F
:101BE000C9FD5749C1F8F801084680ED82DAC0ED19
:101BF0002EDA90ED2F0A80ED300A90ED2E0A80ED5E
:101C00002F0A90ED310A80ED320A1AEE900AEEF7B3
:101C10006EFD41EC1B0B4A4890ED2E0A10EE101A97
:101C20000846EEF764FD41EC1F0BB0EE4F0AF0EEF4
:101C30006F0AF8F719FDB0EE40CAF0EE60CA53EC37
:101C40001B2B51EC1C0BEEF77DFD15D23C4890EDA3
:101C50007C0AD0ED320A20EE200AD0ED790A90ED10
:101C60002F1A00EE810AD0ED7A0A90ED301A00EEBC
:101C7000810A80ED310A14E0314890ED800AD0ED00
:101C8000320A20EE200AD0ED7D0A90ED2F1A00EEE8
:101C9000810AD0ED7E0A90ED301A00EE810A80EDC7
:101CA000310A274890ED310AD0ED820AB4EEE00AFD
:101CB000F1EE10FA04DD90ED820A80ED310A11E0B8
:101CC0001F4890ED310AD0ED820AF1EE600AB4EEC1
:101CD000E00AF1EE10FA05D290ED820AB1EE400A68
:101CE00080ED310A164890ED310A20EE0E0A80EDA3
:101CF000150A90ED150AD0ED820AB4EEE00AF1EE75
:101D000010FA04DD90ED820A80ED150A11E00C480E
:101D100090ED150AD0ED820AF1EE600AB4EEE00A09
:101D2000F1EE10FA05D290ED820AB1EE400A80ED94
:101D3000150A034890ED150A09B0BDEC108B00BDE3
:101D4000B4440020000000000000E03F07B52DED86
:101D5000080B90B09DED110AFE4880ED6A0A9DEDDA
:101D6000140A80ED150A9DED120AB5EEC00AF1EED7
:101D700010FA06D19DED130AB5EEC00AF1EE10FA85
:101D80005CD0F44890ED150AB5EEC00AF1EE10FAF9
:101D900055DB1398EEF7ABFC9FEDEF0B53EC102BDC
:101DA000CDE90A019DED0A0B51EC100BEEF762FB39
:101DB000CDE90E011698EEF79AFCCDE90C019DEDE8
:101DC0000E0B53EC102B9DED0C0B51EC100BEEF7A2
:101DD000B9FC34D89DED130ADDED160A30EE600A29
:101DE0008DED090A0998EEF782FCCDE90C01D9487E
:101DF000406D0790EEF77BFC9FEDD90B53EC102B59
:101E0000CDE908019DED080B51EC100BEEF738FB06
:101E1000CDE90A019DED0C0B53EC102B9DED0A0B47
:101E200051EC100BEEF72CFBCDE90E019DED0E0BE6
:101E300051EC100BEEF79EFCC64948655CE0C548C6
:101E400090ED150AB5EEC00AF1EE10FA54D81298CA
:101E5000EEF74DFC9FEDC00B53EC102BCDE90A01C2
:101E60009DED0A0B51EC100BEEF763FACDE90E0174
:101E70001698EEF73CFCCDE90C019DED0E0B53ECF2
:101E8000102B9DED0C0B51EC100BEEF743FC33D8EF
:101E90009DED160ADDED120A30EE600A8DED090A9D
:101EA0000998EEF724FCCDE90C01AA48406D079093
:101EB000EEF71DFC9FEDAA0B53EC102BCDE90801AA
:101EC0009DED080B51EC100BEEF7DAFACDE90A01A3
:101ED0009DED0C0B53EC102B9DED0A0B51EC100BF0
:101EE000EEF7CEFACDE90E019DED0E0B51EC100B85
:101EF000EEF740FC974948659648D0ED150A9DEDF0
:101F0000150A30EEC00A80ED170A1A98D0ED000AC3
:101F10009DED170AF4EEC00AF1EE10FA7ED8B7EE86
:101F2000000A8C4880ED680AB7EE000A80ED690A65
:101F30001098EEF7DCFBCDE90801199800680390D2
:101F4000EEF7D5FB9FED860B53EC102BCDE904018A
:101F50009DED040B51EC100BEEF792FACDE9060162
:101F60009DED080B53EC102B9DED060B51EC100B67
:101F7000EEF786FACDE90C01189800680990EEF7A3
:101F8000B6FBCDE90A019DED0C0B53EC102B9DED3A
:101F90000A0B51EC100BEEF7CCF9CDE90E019DEDDB
:101FA0000E0B51EC100BEEF7E5FB6A49C1F89801F6
:101FB0001098EEF79CFBCDE9060119980068019096
:101FC000EEF795FB9FED660B53EC102BCDE902016C
:101FD0009DED020B51EC100BEEF752FACDE9040126
:101FE0009DED060B53EC102B9DED040B51EC100BEB
:101FF000EEF746FACDE90A01189800680790EEF767
:1020000076FBCDE908019DED0A0B53EC102B9DEDFD
:10201000080B51EC100BEEF72DFA00E013E0CDE9C0
:102020000C019DED0C0B51EC100B81F00041CDE942
:102030000E019DED0E0B51EC100BEEF79BFB45498D
:10204000C1F89C011AE31A98D0ED010A9DED170A18
:10205000F4EEC00AF1EE10FA7AD8B7EE000A3D4865
:1020600080ED680AB7EE000A80ED690A1098EEF775
:102070003EFBCDE90801199840680390EEF737FB65
:102080009FED370B53EC102BCDE904019DED040BB4
:1020900051EC100BEEF7F4F9CDE906019DED080BBC
:1020A00053EC102B9DED060B51EC100BEEF7E8F9FD
:1020B000CDE90C01189840680990EEF718FBCDE9BE
:1020C0000A019DED0C0B53EC102B9DED0A0B51EC0E
:1020D000100BEEF72EF9CDE90E019DED0E0B51EC34
:1020E000100BEEF747FB1B49C1F898011098EEF76B
:1020F000FEFACDE90601199840680190EEF7F7FA6B
:102100009FED170B53EC102BCDE902019DED020B57
:1021100051EC100BEEF7B4F9CDE904019DED060B7F
:1021200053EC102B9DED040B51EC100BEEF7A8F9BE
:10213000CDE90A01189840680790EEF7D8FACDE982
:1021400008019DED0A0B53EC102B9DED080B0BE0E5
:1021500022E00000B4440020000000000000004025
:10216000000000000000E03F51EC100BEEF782F998
:10217000CDE90C019DED0C0B51EC100B81F00041F1
:10218000CDE90E019DED0E0B51EC100BEEF7F2FABE
:10219000FE49C1F89C0171E21A98D0ED020A9DED4A
:1021A000170AF4EEC00AF1EE10FA7CD8B7EE000A76
:1021B000F64880ED680AB7EE000A80ED690A1098CB
:1021C000EEF795FACDE90801199880680390EEF7CB
:1021D0008EFA1FED1D0B53EC102BCDE904019DED84
:1021E000040B51EC100BEEF74BF9CDE906019DED18
:1021F000080B53EC102B9DED060B51EC100BEEF77A
:102200003FF9CDE90C01189880680990EEF76FFA54
:10221000CDE90A019DED0C0B53EC102B9DED0A0B43
:1022200051EC100BEEF785F8CDE90E019DED0E0B8C
:1022300051EC100BEEF79EFAD449C1F898011098B2
:10224000EEF755FACDE90601199880680190EEF78E
:102250004EFA1FED3D0B53EC102BCDE902019DED25
:10226000020B51EC100BEEF70BF9CDE904019DEDDB
:10227000060B53EC102B9DED040B51EC100BEEF7FD
:10228000FFF8CDE90A01189880680790EEF72FFA59
:10229000CDE908019DED0A0B53EC102B9DED080BC9
:1022A00051EC100B00E015E0EEF7E4F8CDE90C017D
:1022B0009DED0C0B51EC100B81F00041CDE90E01AE
:1022C0009DED0E0B51EC100BEEF754FAAF49C1F82F
:1022D0009C01D3E11A98D0ED030A9DED170AF4EEA4
:1022E000C00AF1EE10FA7CD8B7EE000AA74880EDDC
:1022F000680AB7EE000A80ED690A1098EEF7F7F960
:10230000CDE908011998C0680390EEF7F0F91FEDC8
:102310006C0B53EC102BCDE904019DED040B51EC3B
:10232000100BEEF7ADF8CDE906019DED080B53EC6F
:10233000102B9DED060B51EC100BEEF7A1F8CDE93B
:102340000C011898C0680990EEF7D1F9CDE90A019F
:102350009DED0C0B53EC102B9DED0A0B51EC100B6B
:10236000EDF7E7FFCDE90E019DED0E0B51EC100BE3
:10237000EEF700FA8549C1F898011098EEF7B7F921
:10238000CDE906011998C0680190EEF7B0F91FED8C
:102390008C0B53EC102BCDE902019DED020B51EC9F
:1023A000100BEEF76DF8CDE904019DED060B53EC33
:1023B000102B9DED040B51EC100BEEF761F8CDE9FD
:1023C0000A011898C0680790EEF791F9CDE9080165
:1023D0009DED0A0B53EC102B9DED080B51EC100BEF
:1023E00000E015E0EEF746F8CDE90C019DED0C0B91
:1023F00051EC100B81F00041CDE90E019DED0E0B6B
:1024000051EC100BEEF7B6F96049C1F89C0135E1CB
:102410001A98D0ED040A9DED170AF4EEC00AF1EE09
:1024200010FA7CD8B7EE000A584880ED680AB7EE7B
:10243000000A80ED690A1098EEF759F9CDE9080114
:10244000199800690390EEF752F91FEDBB0B53EC9E
:10245000102BCDE904019DED040B51EC100BEEF7B0
:102460000FF8CDE906019DED080B53EC102B9DED07
:10247000060B51EC100BEEF703F8CDE90C011898A0
:1024800000690990EEF733F9CDE90A019DED0C0BD7
:1024900053EC102B9DED0A0B51EC100BEDF749FF9F
:1024A000CDE90E019DED0E0B51EC100BEEF762F92C
:1024B0003649C1F898011098EEF719F9CDE90601EF
:1024C000199800690190EEF712F91FEDDB0B53EC40
:1024D000102BCDE902019DED020B51EC100BEDF735
:1024E000CFFFCDE904019DED060B53EC102B9DEDC4
:1024F000040B51EC100BEDF7C3FFCDE90A0118985E
:1025000000690790EEF7F3F8CDE908019DED0A0B9D
:1025100053EC102B9DED080B51EC100B00E015E077
:10252000EDF7A8FFCDE90C019DED0C0B51EC100B64
:1025300081F00041CDE90E019DED0E0B51EC100B29
:10254000EEF718F91149C1F89C0197E0B7EE000ABF
:102550000E4880ED680AB7EE000A80ED690A10980F
:10256000EEF7C5F8CDE90801199840690390EEF738
:10257000BEF89FED070B53EC102BCDE904019DED48
:10258000040B51EC100BEDF77BFF05E0B444002089
:10259000000000000000E03FCDE906019DED080BC2
:1025A00053EC102B9DED060B51EC100BEDF768FF73
:1025B000CDE90C01189840690990EEF798F8CDE93B
:1025C0000A019DED0C0B53EC102B9DED0A0B51EC09
:1025D000100BEDF7AEFECDE90E019DED0E0B51ECAB
:1025E000100BEEF7C7F84A49C1F898011098EEF7BA
:1025F0007EF8CDE90601199840690190EEF777F869
:102600001FED1D0B53EC102BCDE902019DED020BCC
:1026100051EC100BEDF734FFCDE904019DED060BF5
:1026200053EC102B9DED040B51EC100BEDF728FF34
:10263000CDE90A01189840690790EEF758F8CDE9FE
:1026400008019DED0A0B53EC102B9DED080B51EC8E
:10265000100BEDF70FFFCDE90C019DED0C0B51ECCC
:10266000100B81F00041CDE90E019DED0E0B51ECF8
:10267000100BEEF77FF82649C1F89C01244890ED35
:10268000180A80ED190A90ED170A80ED180A90EDEE
:102690001A0A80ED1B0A90ED690AD0ED1B0A20EEA4
:1026A000200AD0ED660A90ED181A00EE810AD0EDEE
:1026B000670A90ED191A00EE810A80ED1A0A90ED72
:1026C0001A0AD0ED6A0AB4EEE00AF1EE10FA04DD5F
:1026D00090ED6A0A80ED1A0A11E00D4890ED1A0A91
:1026E000D0ED6A0AF1EE600AB4EEE00AF1EE10FAFB
:1026F00005D290ED6A0AB1EE400A80ED1A0A04484C
:1027000090ED1A0A80ED070A90ED070A1BB000BD94
:10271000B444002001200A490870002009490870CB
:102720009FED090A094880ED050A9FED070A80ED33
:102730001B0A00200549C1F8EC00C1F8F000704701
:10274000F00100208D01002000000000CC3C0020A2
:1027500010B52DED068B5E48D0F8EC00B0F57A7F11
:1027600053DC5B48D0F8EC00401C5949C1F8EC0040
:10277000084690ED060A10EE101A0846EDF7B7FF6E
:1027800041EC1A0B9FED530B53EC102BEDF778FE39
:1027900041EC190BB0EE490AF0EE690AF7F764FF55
:1027A000B0EE408AF0EE608A9FED4C0B53EC102B9C
:1027B00051EC180BEDF7C6FF06D84548D0F8F000ED
:1027C000401C4349C1F8F0004148D0F8EC00B0F596
:1027D0007A7F1AD13E48D0F8F000B0F5487F0BDB85
:1027E00001204049087000203F49087001203F49FE
:1027F00008703F49087002E000203D490870002041
:102800003349C1F8EC00C1F8F0003A4890ED120AE3
:1028100010EE101A0846EDF76AFF41EC190BB0EE06
:10282000490AF0EE690AF7F71FFFB0EE408AF0EEB2
:10283000608A9FED310B53EC102B51EC180BEDF728
:1028400081FF05D82E480088401C2D49088002E0F1
:1028500000202B4908802A480088B0F57A7F0BDBDE
:102860000020214908700120204908702049087083
:1028700000202349088002E000201D4908701C4800
:10288000007808BB1F480078401C1E4908700120D2
:10289000154908700E4890ED000A10EE101A08460F
:1028A000EDF725FF41EC1A0B9FED170B53EC102BA6
:1028B000EDF7E6FD41EC190BEDF75CFF08EE100AB1
:1028C000B0EE480AEFF722FCBDEC068B10BD00000D
:1028D000CC3C0020000000000000F03F00000000A1
:1028E00000001040EB0100208D0100208401002039
:1028F000F0010020283E00200000000000005940A8
:10290000EE010020F3010020000000000000F0BFF5
:102910000021002005E0064A32F810201144421C34
:1029200090B20A28F7DB0A20B1FBF0F080B27047C2
:10293000761A002010B52DED028BFFF7E9FF08EEA7
:10294000100AB0EE480AF8EE401A9FED0D2A61EE2B
:10295000821AF0EE610ADFED0B1A70EEE11AB0EEAA
:10296000611A9FED092AC1EE021A9FED082A61EE55
:10297000821AFDEEE11A11EE900ABDEC028B10BD39
:10298000E54C4E3F0040CE440000844200007A44B3
:1029900001480068704700001800002070470000E0
:1029A00010B52DED028BB0EE408A04460021194887
:1029B000F3F7DAFCB5EEC08AF1EE10FA01DD012082
:1029C00000E0002002464FF480511348F2F7F4F97A
:1029D0009FED120AB4EEC08AF1EE10FA04DD9FED0D
:1029E0000F0AB0EE408A0AE09FED0D0AB4EEC08AED
:1029F000F1EE10FA03D29FED0A0AB0EE408AB0EE73
:102A0000C80ABCEEC00A10EE100A06490860BDEC08
:102A1000028B10BDE81C00200008024000408345E6
:102A2000004083C534040040F0EE400A012802D182
:102A3000B0EE600A7047022802D1B1EE600AF9E7F1
:102A40009FED010AF6E700000000000000B52DED43
:102A5000108B87B0F0EE408AB0EE609AB0EE418AFB
:102A6000F0EE619AB0EE42AAB0EE62BAF0EE43BA6E
:102A7000F0EE63AAB7EE000AC64880ED5A0AB7EE38
:102A8000000A80ED5B0A18EE100AEDF730FE41EC0B
:102A90001E0B19EE100AEDF72AFE41EC1D0B9FEDFF
:102AA000BE0B53EC102BEDF7EBFC53EC1E2BCDE9DA
:102AB00002019DED020B51EC100BEDF7E1FC41EC36
:102AC0001F0B18EE900AEDF712FE41EC1C0B53ECB5
:102AD0001F2BEDF72EFCCDE904019DED040B51EC0D
:102AE000100BEDF747FEAB49C1F8600118EE100A74
:102AF000EDF7FDFD41EC1C0B19EE100AEDF7F7FDAB
:102B000041EC1D0B9FEDA40B53EC102BEDF7B8FC23
:102B100041EC1E0B53EC1C2BEDF7B2FC41EC1F0BF0
:102B200018EE900AEDF7E3FD53EC1F2BCDE9000101
:102B30009DED000B51EC100BEDF79CFCCDE9020173
:102B40009DED020B51EC100B81F00041CDE9040129
:102B50009DED040B51EC100BEDF70CFE8D49C1F807
:102B6000640118EE100AEDF7C2FD41EC1C0B53ECAA
:102B70001C2B9FED8B0B51EC100BEDF7F3FC41EC94
:102B80001D0B1AEE100AEDF7B2FD41EC1E0B53ECD3
:102B90001D2BEDF7D7FD13D818EE100AEDF7A7FDA2
:102BA00041EC1D0B53EC1D2B9FED7D0B51EC100BDD
:102BB000EDF7D8FC41EC1C0BEDF7DCFD0AEE100A3A
:102BC0001AEE100AEDF793FD41EC1D0B9FED760B0D
:102BD00053EC102BEDF754FC41EC1C0BEDF7CAFD48
:102BE00073490860084690ED000AB5EEC00AF1EEA0
:102BF00010FA2BDDD0ED000AB0EE001A81EE200AAB
:102C000030EE080A6B4880ED000A90ED000AC8EE2D
:102C1000000A6048C0ED610A90ED610A80ED600A2B
:102C20000846D0ED000AB0EE001A81EE200A30EE20
:102C3000480A6048D0ED000A80EE201A554880ED21
:102C4000631AB7EE000A80ED620A10E09FED5A0A9F
:102C5000504880ED610A9FED580A80ED600A9FEDB3
:102C6000560A80ED630A9FED540A80ED620A4948D6
:102C7000C0ED07BA80ED64BA90ED070A30EE6A0A3B
:102C800080ED080A90ED090A80ED0A0A90ED080A25
:102C900080ED090A90ED0B0A80ED0C0A90ED5B0ABD
:102CA000D0ED0C0A20EE200AD0ED580A90ED091A5A
:102CB00000EE810AD0ED590A90ED0A1A00EE810A61
:102CC00080ED0B0A90ED0B0AD0ED640AB4EEE00A39
:102CD000F1EE10FA04DB90ED640A80ED0B0A11E0CE
:102CE0002C4890ED0B0AD0ED640AF1EE600AB4EEC8
:102CF000E00AF1EE10FA05D890ED640AB1EE400A50
:102D000080ED0B0AF5EEC09AF1EE10FA2DDD8AEE99
:102D1000A90A2048D0ED000A30EE600A274880ED6D
:102D2000000A1C4890ED110A80ED120A234890ED2C
:102D3000000A184880ED110A90ED130A80ED140A7C
:102D400090ED630AD0ED140A20EE200AD0ED600A5F
:102D500090ED111A00EE810AD0ED610A90ED121A81
:102D600000EE810A80ED130A04E09FED130A094882
:102D700080ED130A074890ED0B0AD0ED130A30EEF0
:102D8000600A80ED000A90ED000A07B0BDEC108BE0
:102D900000BD000088420020000000000000E03F6D
:102DA000000000000000D03F1F85EB51B81E194005
:102DB00040160020441600200000000048160020A5
:102DC00010B52DED068B6448406863498860634800
:102DD000006848600846806960490968081A5E49C9
:102DE000C861C869EDF72DFC41EC190B9FED5C0B38
:102DF00053EC102BEDF744FB41EC180BEDF7BAFC4C
:102E000055490864084690ED100A10EE101A08465D
:102E1000EDF76DFC41EC180B9FED530B53EC102BB1
:102E2000EDF790FC09D24C4890ED100ADFED500A06
:102E300030EE600A80ED100A19E0474890ED100A64
:102E400010EE101A0846EDF752FC41EC180B9FEDFE
:102E5000490B53EC102BEDF75DFC08D23E4890ED8A
:102E6000100ADFED430A30EE200A80ED100A3A48DE
:102E700090ED100AB0EE401ADFED400AB3EE0E0AF4
:102E80000220F0F741FB344880ED120A90ED100A61
:102E900010EE101A0846EDF72AFC41EC1A0B9FEDD4
:102EA000380B53EC102BEDF7EBFA41EC190BB0EEAD
:102EB000490AF0EE690AF7F7CBFAB0EE408AF0EE75
:102EC000608A51EC180BEDF755FC2349C86508469C
:102ED00090ED170A10EE101A0846EDF708FC41ECC9
:102EE000190B53EC192B9FED280B51EC100BEDF740
:102EF00039FB41EC180BEDF73DFC17490866084615
:102F000090ED120AB0EE401ADFED1C0A9FED200A88
:102F1000F1F79EF8104880ED130A90ED130ADFEDEB
:102F20001D0AB4EEE00AF1EE10FA04DD9FED190A75
:102F300080ED130A0DE0084890ED130ADFED160A44
:102F4000B4EEE00AF1EE10FA03D29FED130A80ED21
:102F5000130ABDEC068B10BD283E0020180000208F
:102F600066631A000080263F000000000080664073
:102F70000000B44300000000008066C06F12833A76
:102F80001964A27344DF913F000000000000F03F8D
:102F9000000048420000FA440000FAC410B52DEDCC
:102FA000108B88B0F0EE408AB0EE609AF0EE419A55
:102FB000B0EE61BAB0EE42AAF0EE62AAF0EE43BA09
:102FC000B0EE63DAB0EE448A0446B7EE000ABF48BA
:102FD00080ED700AB7EE000A80ED710A19EE900AD2
:102FE000EDF785FB41EC1C0B19EE100AEDF77FFBAA
:102FF00041EC1E0B9FEDB60B53EC102BEDF740FA96
:1030000053EC1C2BCDE902019DED020B51EC100B92
:10301000EDF736FACDE9060118EE900AEDF767FBF9
:10302000CDE904019DED060B53EC102B9DED040B37
:1030300051EC100BEDF77DF941EC1F0BEDF79AFB0E
:10304000A249C1F8B80119EE900AEDF750FB41EC26
:103050001E0B19EE100AEDF74AFB41EC1C0B9FED1D
:103060009C0B53EC102BEDF70BFA53EC1E2BCDE918
:1030700000019DED000B51EC100BEDF701FA41EC56
:103080001F0B18EE900AEDF732FB53EC1F2BCDE926
:1030900002019DED020B51EC100BEDF7EBF9CDE9C0
:1030A00004019DED040B51EC100B81F00041CDE9C2
:1030B00006019DED060B51EC100BEDF75BFB834910
:1030C000C1F8BC01084680ED72BAC0ED22BA90ED9D
:1030D000220AB5EEC00AF1EE10FA43DB1AEE100A2E
:1030E000EDF705FB41EC1F0B9FED7B0B53EC102B19
:1030F000EDF7C0F941EC1C0B18EE100AEDF7F7FAEA
:1031000041EC1E0B53EC1C2BEDF71CFB2AD83AEEBE
:10311000480A10EE101A0846EDF7E9FA41EC1E0BCA
:103120006A4890ED220A10EE101A0846EDF7DFFA11
:1031300041EC1C0B9FED660B53EC102BEDF7A0F947
:1031400041EC1F0B53EC1E2BEDF79AF9CDE906016C
:103150009DED060B51EC100BEDF70CFB5B49C1F834
:1031600088004AE0594890ED220AB5EEC00AF1EE17
:1031700010FA42D81AEE900AEDF7B9FA41EC1E0B9C
:103180009FED550B53EC102BEDF7D3F841EC1F0BD3
:1031900018EE100AEDF7ABFA41EC1C0B53EC1F2BA9
:1031A000EDF7B8FA29D838EE6A0A10EE101A084678
:1031B000EDF79DFA41EC1E0B444890ED220A10EE0B
:1031C000101A0846EDF793FA41EC1C0B9FED400BEB
:1031D00053EC102BEDF754F941EC1F0B53EC1E2B65
:1031E000EDF74EF9CDE906019DED060B51EC100B04
:1031F000EDF7C0FA3549C1F88800344890ED220A4D
:1032000030EE4D0A80ED230A04BB90ED240A80EDD8
:10321000250A90ED230A80ED240A90ED260A80ED20
:10322000270A90ED710AD0ED270A20EE200AD0ED92
:103230006E0A90ED241A00EE810AD0ED6F0A90ED2F
:10324000251A00EE810A80ED260A12E0012C10D129
:103250009FED230A1D4880ED250A9FED210A80ED90
:10326000240A9FED1F0A80ED270A9FED1D0A80EDBD
:10327000260A164890ED260AD0ED720AB4EEE00A4E
:10328000F1EE10FA04DD90ED720A80ED260A11E0ED
:103290000E4890ED260AD0ED720AF1EE600AB4EE07
:1032A000E00AF1EE10FA05D290ED720AB1EE400A92
:1032B00080ED260A054890ED260A80ED1C0A90ED67
:1032C0001C0A08B0BDEC108B10BD00008842002025
:1032D000000000000000E03F00000000000000408F
:1032E0000000000000B52DED108B87B0B0EE408AD5
:1032F000F0EE608AB0EE419AF0EE619AB0EE42AA2A
:10330000F0EE62AAB0EE43EAF0EE63EAF5EEC08AB0
:10331000F1EE10FA0BD19FED860A864880ED850A02
:1033200080ED828A9FED820A80ED830A72E0B7EE1B
:10333000000A804880ED850A19EE100AEDF7D7F9EA
:1033400041EC1F0B18EE900AEDF7D1F941EC1D0B83
:103350009FED790B53EC102BEDF792F853EC1F2BEC
:10336000CDE902019DED020B51EC100BEDF788F851
:1033700041EC1C0B18EE100AEDF7B9F941EC1B0BF0
:1033800053EC1C2BECF7D5FFCDE904019DED040BAC
:1033900051EC100BEDF7EEF96649C1F8080219EE91
:1033A000100AEDF7A4F941EC1C0B18EE900AEDF7AA
:1033B0009EF99FED610B53EC102BCDE900019DEDC3
:1033C000000B51EC100BEDF75BF841EC1D0B53ECCF
:1033D0001C2BEDF755F841EC1B0B18EE100AEDF71E
:1033E00086F941EC1F0B53EC1B2BEDF743F8CDE9AD
:1033F00002019DED020B51EC100B81F00041CDE973
:1034000004019DED040B51EC100BEDF7B3F94949A4
:10341000C1F80C024748C0ED81AA80ED49EA90ED61
:10342000490A30EE6E0A80ED4A0A90ED4A0AB4EE7F
:10343000E90AF1EE10FA0EDD9FED3D0A80ED4C0A2F
:103440009FED3B0A80ED4B0A9FED390A80ED4E0A55
:1034500080ED4DAA3FE0374890ED4A0AFFEE000AA2
:1034600069EEA00AB4EEE00AF1EE10FA12D29FED76
:10347000300A80ED4C0A9FED2E0A80ED4B0A9FED3D
:103480002C0A80ED4E0ABFEE000A2AEE000A80EDFB
:103490004D0A20E0274890ED4B0A80ED4C0A90ED54
:1034A0004A0A80ED4B0A90ED4D0A80ED4E0A90EDF0
:1034B000850AD0ED4E0A20EE200AD0ED820A90ED6A
:1034C0004B1A00EE810AD0ED830A90ED4C1A00EE03
:1034D000810A80ED4D0A174890ED4D0AD0ED810A22
:1034E000B4EEE00AF1EE10FA04DD90ED810A80ED11
:1034F0004D0A11E00F4890ED4D0AD0ED810AF1EE32
:10350000600AB4EEE00AF1EE10FA05D290ED810AFD
:10351000B1EE400A80ED4D0A064890ED4D0A80ED6F
:10352000150A90ED150A07B0BDEC108B00BD000028
:103530000000000088420020000000000000E03F82
:1035400000B52DED108B85B0B0EE408AF0EE608AAC
:10355000B0EE419AF0EE619AB0EE42AAF0EE62AAA5
:10356000B7EE000A614880ED550AB7EE000A80ED1B
:10357000560A19EE100AEDF7BAF841EC1F0B18EED7
:10358000900AEDF7B4F841EC1C0B9FED590B53EC8E
:10359000102BECF775FF53EC1F2BCDE902019DEDCD
:1035A000020B51EC100BECF76BFF41EC1D0B18EE0E
:1035B000100AEDF79CF841EC1E0B53EC1D2BECF7B9
:1035C000B8FE41EC1B0BEDF7D5F84849C1F84C01AA
:1035D00019EE100AEDF78BF841EC1C0B18EE900A6F
:1035E000EDF785F89FED420B53EC102BCDE9000170
:1035F0009DED000B51EC100BECF742FF41EC1D0B65
:1036000053EC1C2BECF73CFF41EC1B0B18EE100AA3
:10361000EDF76DF841EC1E0B53EC1B2BECF72AFF7A
:1036200041EC1F0B81F00041CDE902019DED020B41
:1036300051EC100BEDF79EF82C49C1F850010846EB
:1036400080ED00AAC0ED579A90ED000A30EE6A0AAC
:1036500080ED010A90ED020A80ED030A90ED010A67
:1036600080ED020A90ED040A80ED050A90ED560AFD
:10367000D0ED050A20EE200AD0ED530A90ED021A93
:1036800000EE810AD0ED540A90ED031A00EE810A93
:1036900080ED040A90ED040AD0ED570AB4EEE00A7A
:1036A000F1EE10FA04DB90ED570A80ED040A11E008
:1036B0000E4890ED040AD0ED570AF1EE600AB4EE20
:1036C000E00AF1EE10FA05D890ED570AB1EE400A83
:1036D00080ED040A054890ED040A80ED060A90ED9D
:1036E000060A05B0BDEC108B00BD0000884200202A
:1036F000000000000000E03F10B52DED108B88B0F9
:10370000B0EE408AF0EE608AB0EE419AF0EE619A37
:10371000B0EE42AAF0EE62AAB0EE43DAF0EE63DA5F
:10372000B0EE44EAF0EE64EA0446F5EEC08AF1EE4B
:1037300010FA0BD19FED9D0A9D4880ED760A80ED31
:10374000738A9FED9A0A80ED740A76E0B7EE000A5C
:10375000974880ED760A19EE100AECF7C8FF41ECA5
:103760001B0B18EE900AECF7C2FF9FED920B53EC87
:10377000102BCDE902019DED020B51EC100BECF783
:103780007FFE41EC1C0B53EC1B2BECF779FECDE9D3
:10379000060118EE100AECF7AAFFCDE904019DED31
:1037A000060B53EC102B9DED040B51EC100BECF7BA
:1037B000C0FD41EC1F0BECF7DDFF7D49C1F8CC01EA
:1037C00019EE100AECF793FFCDE9000118EE900A0C
:1037D000ECF78DFF41EC1B0B9FED760B53EC102BA0
:1037E000ECF74EFE41EC1C0B9DED000B53EC102B47
:1037F000ECF746FE41EC1F0B18EE100AECF777FFD2
:1038000053EC1F2BCDE902019DED020B51EC100B87
:10381000ECF730FECDE904019DED040B51EC100BEB
:1038200081F00041CDE906019DED060B51EC100B36
:10383000ECF7A0FF5E49C1F8D0015D48C0ED77DA32
:1038400080ED28EA90ED280AB4EEE90AF1EE10FACC
:1038500002DBC0ED289A09E0554890ED280AB4EE45
:10386000CA0AF1EE10FA01D880ED28AA504890ED6E
:10387000280A30EE6E0A80ED290A002C56D190ED10
:10388000290AB4EEEA0AF1EE10FA0EDD9FED470ABE
:1038900080ED2B0A9FED450A80ED2A0A9FED430A31
:1038A00080ED2D0A80ED2CDA53E0414890ED290A95
:1038B000FFEE000A6AEEA00AB4EEE00AF1EE10FA9A
:1038C00012D29FED3A0A80ED2B0A9FED380A80ED67
:1038D0002A0A9FED360A80ED2D0ABFEE000A2DEE72
:1038E000000A80ED2C0A34E0314890ED2A0A80ED80
:1038F0002B0A90ED290A80ED2A0A90ED2C0A80ED22
:103900002D0A90ED760AD0ED2D0A20EE200AD0ED9A
:10391000730A90ED2A1A00EE810AD0ED740A90ED38
:103920002B1A00EE810A80ED2C0A12E0012C10D136
:103930009FED1E0A1E4880ED2B0A9FED1C0A80EDAC
:103940002A0A9FED1A0A80ED2D0A9FED180A80EDD4
:103950002C0A174890ED2C0AD0ED770AB4EEE00A55
:10396000F1EE10FA04DD90ED770A80ED2C0A11E0FB
:103970000F4890ED2C0AD0ED770AF1EE600AB4EE14
:10398000E00AF1EE10FA05D290ED770AB1EE400AA6
:1039900080ED2C0A064890ED2C0A80ED220A90ED6D
:1039A000220A08B0BDEC108B10BD00000000000022
:1039B00088420020000000000000E03F00B52DED2F
:1039C000108B87B0F0EE408AB0EE609AF0EE41AA1C
:1039D000F0EE619AB0EE42AAB0EE628AB0EE43BA5F
:1039E000F0EE63BAB7EE000AB54880ED7A0AB7EE9A
:1039F000000A80ED7B0A18EE100AECF778FE41EC25
:103A00001D0B19EE100AECF772FE9FEDAE0B53EC96
:103A1000102BCDE902019DED020B51EC100BECF7E0
:103A20002FFD41EC1E0B53EC1D2BECF729FDCDE9CE
:103A3000040118EE900AECF75AFE41EC1F0B9DEDC5
:103A4000040B53EC102BECF774FC41EC1C0BECF763
:103A500091FE9B49C1F8E00118EE100AECF747FE11
:103A600041EC1C0B19EE100AECF741FE41EC1D0B6A
:103A70009FED940B53EC102BECF702FD41EC1E0B69
:103A800053EC1C2BECF7FCFCCDE9020118EE900A7C
:103A9000ECF72DFECDE900019DED020B53EC102B50
:103AA0009DED000B51EC100BECF7E4FCCDE90401AB
:103AB0009DED040B51EC100B81F0004141EC1F0B0C
:103AC000ECF758FE7E49C1F8E401B7EE000A08465B
:103AD00080ED7E0AB7EE000A80ED7F0A18EE100A2C
:103AE000ECF705FE41EC1C0B1AEE100AECF7FFFD9B
:103AF00041EC1F0B9FED730B53EC102BECF7C0FC4C
:103B000041EC1D0B53EC1C2BECF7BAFCCDE9020188
:103B100019EE900AECF7EBFD41EC1E0B9DED020B4C
:103B200053EC102BECF705FCCDE904019DED040BE3
:103B300051EC100BECF71EFE6149C1F8F00118EED4
:103B4000100AECF7D4FDCDE900011AEE100AECF7EB
:103B5000CEFD41EC1C0B9FED5B0B53EC102BECF7F7
:103B60008FFC41EC1D0B9DED000B53EC102BECF783
:103B700087FCCDE9020119EE900AECF7B8FD41ECA3
:103B80001E0B9DED020B53EC102BECF773FC41EC7C
:103B90001F0B81F00041CDE904019DED040B51ECB8
:103BA000100BECF7E7FD4649C1F8F401084680ED3B
:103BB00081BAC0ED2EBA90ED2F0A80ED300A90ED5B
:103BC0002E0A80ED2F0A90ED310A80ED320A1AEEAE
:103BD000900AECF78CFD41EC1E0B394890ED2E0A53
:103BE00010EE101A0846ECF782FD41EC1D0BB0EE0A
:103BF0004D0AF0EE6D0AF6F737FDB0EE40CAF0EE72
:103C000060CA53EC1E2B51EC1C0BECF79BFD15D23C
:103C10002B4890ED7B0AD0ED320A20EE200AD0ED41
:103C2000780A90ED2F1A00EE810AD0ED790A90ED16
:103C3000301A00EE810A80ED310A14E0204890ED40
:103C40007F0AD0ED320A20EE200AD0ED7C0A90EDFA
:103C50002F1A00EE810AD0ED7D0A90ED301A00EEA9
:103C6000810A80ED310A164890ED310AD0ED810AC3
:103C7000B4EEE00AF1EE10FA04DD90ED810A80ED79
:103C8000310A11E00E4890ED310AD0ED810AF1EED3
:103C9000600AB4EEE00AF1EE10FA05D290ED810A66
:103CA000B1EE400A80ED310A054890ED310A80ED11
:103CB000150A90ED150A07B0BDEC108B00BD000091
:103CC00088420020000000000000E03F00B52DED1C
:103CD000108B89B0F0EE408AB0EE609AF0EE419A17
:103CE000B0EE61DAB0EE42AAF0EE62AAF0EE43DA8C
:103CF000B0EE63EAB0EE448AB7EE000AB14880ED58
:103D0000670AB7EE000A80ED680A19EE900AECF730
:103D1000EEFCCDE9060119EE100AECF7E8FC9FED88
:103D2000AA0B53EC102BCDE902019DED020B51ECD7
:103D3000100BECF7A5FBCDE904019DED060B53EC50
:103D4000102B9DED040B51EC100BECF799FB41ECA3
:103D50001C0B18EE900AECF7CAFC41EC1F0B53EC5D
:103D60001C2BECF7E6FA41EC1B0BECF703FD954935
:103D7000C1F8940119EE900AECF7B9FC41EC1C0B68
:103D800019EE100AECF7B3FC9FED8F0B53EC102BE0
:103D9000CDE900019DED000B51EC100BECF770FB31
:103DA00053EC1C2BCDE902019DED020B51EC100BE5
:103DB000ECF766FB41EC1B0B18EE900AECF797FC56
:103DC00041EC1F0B53EC1B2BECF754FBCDE904012A
:103DD0009DED040B51EC100B81F00041CDE9060183
:103DE0009DED060B51EC100BECF7C4FC7549C1F8C6
:103DF0009801084680ED69DAC0ED15DA90ED150AF4
:103E0000B5EEC00AF1EE10FA42DB1AEE100AECF73A
:103E10006EFC41EC1F0B9FED6E0B53EC102BECF77F
:103E200029FB41EC1B0B18EE100AECF760FC41EC8F
:103E30001C0B53EC1B2BECF785FC29D83AEE480AF7
:103E400010EE101A0846ECF752FC41EC1B0B5D48D3
:103E500090ED150A10EE101A0846ECF748FC41ECFC
:103E60001C0B9FED590B53EC102BECF709FB41ECAD
:103E70001F0B53EC1B2BECF703FBCDE906019DED6B
:103E8000060B51EC100BECF775FC4E49486547E00A
:103E90004C4890ED150AB5EEC00AF1EE10FA3FD885
:103EA0001AEE900AECF723FC41EC1B0B9FED480B3C
:103EB00053EC102BECF73DFA41EC1C0B18EE100AFA
:103EC000ECF715FC41EC1F0B53EC1C2BECF722FC20
:103ED00026D838EE6A0A10EE101A0846ECF707FCEE
:103EE000CDE90601374890ED150A10EE101A084684
:103EF000ECF7FDFB41EC1B0B9FED330B53EC102B50
:103F0000ECF7BEFA41EC1C0B9DED060B53EC102BAD
:103F1000ECF7B6FA41EC1F0BECF72CFC294948658D
:103F2000284890ED150A30EE4E0A80ED170A90ED04
:103F3000180A80ED190A90ED170A80ED180A90ED25
:103F40001A0A80ED1B0A90ED680AD0ED1B0A20EEDC
:103F5000200AD0ED650A90ED181A00EE810AD0ED26
:103F6000660A90ED191A00EE810A80ED1A0A90EDAA
:103F70001A0AD0ED690AB4EEE00AF1EE10FA04DD97
:103F800090ED690A80ED1A0A11E00E4890ED1A0AC8
:103F9000D0ED690AF1EE600AB4EEE00AF1EE10FA33
:103FA00005D290ED690AB1EE400A80ED1A0A054883
:103FB00090ED1A0A80ED070A90ED070A09B0BDECF2
:103FC000108B00BD88420020000000000000E03F90
:103FD00000000000000000409FEDFE0AFE4880ED5A
:103FE000010A9FEDFE0A80ED020A9FEDFD0A80EDB9
:103FF000030A9FEDFC0A80ED040A9FEDFB0A80EDA9
:10400000050A9FEDF90A80ED060A9FEDF70A80ED9B
:10401000070A9FEDF50A80ED080A9FEDF10A80ED91
:10402000090A9FEDF10A80ED0A0A9FEDEF0A80ED83
:104030000B0AB1EE000A80ED0C0A9FEDEB0A80ED51
:104040000D0A9FEDE90A80ED0E0A9FEDE70A80ED6B
:104050000F0A9FEDE50A80ED100A9FEDE30A80ED5F
:10406000110A9FEDE10A80ED120A9FEDDF0A80ED53
:10407000130A9FEDDE0A80ED190A9FEDDD0A80ED3F
:104080001A0A9FEDD90A80ED1B0A9FEDD70A80ED31
:104090001C0AB2EE040A80ED1D0A9FEDD30A80EDE2
:1040A0001E0AB1EE080A80ED1F0A9FEDD20A80EDCC
:1040B000200A9FEDD00A80ED210A9FEDCB0A80ED0A
:1040C000220A9FEDC90A80ED230AB0EE000A80EDB6
:1040D000240AB0EE000A80ED250A9FEDC70A80EDA4
:1040E000260AB0EE000A80ED270AB0EE000A80ED45
:1040F000280A9FEDBD0A80ED290A9FEDBB0A80EDDD
:104100003A0AB0EE000A80ED2A0AB0EE000A80ED0D
:104110002B0A9FEDB90A80ED2C0AB0EE000A80ED63
:104120002D0AB0EE000A80ED2E0A9FEDAF0A80ED59
:104130002F0A9FEDAD0A80ED300A9FEDAB0A80EDAE
:10414000310A9FEDA90A80ED320A9FEDA70A80EDA2
:10415000330A9FEDA50A80ED340A9FEDA30A80ED96
:10416000350A9FEDA10A80ED360A9FED9F0A80ED8A
:10417000370A9FED9D0A80ED380A9FED9B0A80ED7E
:10418000390A00209449C1F8EC00C1F8F0009FED15
:10419000960A084680ED3D0A9FED980A984880ED02
:1041A000010A9FED980A80ED020A9FED8D0A80EDCD
:1041B000030A9FED8C0A80ED040A9FED8B0A80EDC7
:1041C000050A9FED890A80ED060A9FED870A80EDBA
:1041D000070A9FED850A80ED080A9FED830A80EDAE
:1041E000090A9FED810A80ED0A0A9FED7F0A80EDA2
:1041F0000B0A9FED7D0A80ED0C0A9FED7B0A80ED96
:104200000D0A9FED790A80ED0E0A9FED770A80ED89
:104210000F0A9FED750A80ED100A9FED730A80ED7D
:10422000110A9FED710A80ED120A9FED6D0A80ED73
:10423000130A9FED6D0A80ED140A9FED6B0A80ED65
:10424000150A9FED690A80ED160A9FED670A80ED59
:10425000170A9FED650A80ED180A9FED630A80ED4D
:10426000190A9FED610A80ED1A0AB1EE040A80ED89
:104270001B0A9FED5D0A80ED1C0A9FED5B0A80ED35
:104280001D0A9FED590A80ED1E0A9FED570A80ED29
:104290001F0A9FED550A80ED200A9FED530A80ED1D
:1042A000210A9FED510A80ED220A9FED4F0A80ED11
:1042B000230A9FED4D0A80ED240A9FED4B0A80ED05
:1042C000250A9FED490A80ED260A9FED470A80EDF9
:1042D000270A9FED450A80ED280A9FED430A80EDED
:1042E000290A9FED410A80ED2A0A9FED3F0A80EDE1
:1042F0002B0A9FED3D0A80ED2D0A9FED3B0A80EDD4
:104300002E0A9FED410A80ED2F0A9FED370A80EDBE
:10431000300A9FED350A80ED310A9FED330A80EDBA
:10432000320A9FED310A80ED330A9FED2F0A80EDAE
:10433000340A9FED2D0A80ED350A9FED2B0A80EDA2
:10434000360A9FED320A80ED3C0A9FED310A80ED7E
:104350003D0A9FED250A80ED3E0A9FED230A80ED80
:104360003F0AB2EE0E0A80ED400A9FED1F0A80ED73
:10437000410AB1EE080A80ED420A9FED260A80ED5F
:10438000430A9FED240A80ED440A9FED170A80ED51
:10439000450A9FED150A80ED460A9FED130A80ED50
:1043A000470A9FED110A80ED480A9FED0F0A80ED44
:1043B000490A9FED0D0A80ED4A0A9FED0B0A80ED38
:1043C0004B0A9FED090A80ED4C0A9FED070A80ED2C
:1043D0005D0A21E000E04444CC3C002000CF994835
:1043E0006F12833A00007A45000000009A99793FE5
:1043F00000009C4000007442CDCCCC3D00002F4416
:10440000483B0020005043480000FA44FB3A943FE8
:10441000CDCCAE410000A0421FED0D0A80ED4D0A4B
:104420001FED0F0A80ED4E0A1FED110A80ED4F0AB5
:104430001FED130A80ED500A1FED150A80ED510A99
:104440001FED170A80ED520A1FED190A80ED530A7D
:104450001FED1B0A80ED540A1FED1D0A80ED550A61
:104460001FED1F0A80ED560A1FED210A80ED570A45
:104470001FED230A80ED580A1FED250A80ED590A29
:104480001FED270A80ED5A0A1FED290A80ED5B0A0D
:104490001FED2B0A80ED5C0A00200549C1F8780168
:1044A000C1F87C011FED300A084680ED600A7047B4
:1044B000483B00209FED3F0A3F4880ED000A002066
:1044C0003D4948603D4888610020C8619FED390A38
:1044D000084680ED0C0A9FED370A80ED0F0A9FED2C
:1044E000350A80ED100A9FED330A80ED110A9FED29
:1044F000310A80ED120A9FED2F0A80ED0D0A9FED23
:104500002D0A80ED0E0A9FED2B0A80ED160A012080
:1045100081F850009FED2A0A084680ED150A002018
:1045200081F864009FED230A264880ED000A0020F0
:104530002449886048602448C860002008614861B8
:104540009FED220B084680ED060B9FED1A0A80EDC9
:10455000080A9FED180A80ED0D0A9FED160A80EDFE
:104560000F0A9FED140A80ED120A9FED120A80EDEA
:10457000090A9FED100A80ED0A0A9FED0E0A80EDF0
:104580000E0A9FED0C0A80ED0B0A9FED0A0A80EDE2
:104590000C0A9FED080A80ED160AFF2081F85000F2
:1045A000B2EE040A084680ED150A002081F85C008E
:1045B0007047000000000000283E0020FCF40F00BF
:1045C00000007042C83D002060EA0A0000000000C0
:1045D00000000000F0F708FCF4F70CF8F2F77EFC9E
:1045E000F2F718FCF2F7DEFBF2F7EAFCF2F75EFDF9
:1045F000F2F782FDF2F79CFDF2F7B6FDF2F704FD4B
:10460000ECF7AAFEFFF7E8FCFFF754FF0021034890
:10461000F1F7AAFE01E0ECF741FEFCE7E81C002000
:1046200010B5044694F8F00494F8501588420AD066
:1046300005212046D4F830229047052104F51E704C
:10464000D4F8A824904704F2F440D0ED010AB0EE6B
:10465000600A2046D4F84012884704F2F440D0EDB6
:10466000020AB0EE600A04F51E70D4F8B814884748
:10467000002205212046D4F82C329847002205213B
:1046800004F51E70D4F8A43498472046D4F83812A4
:10469000884704F51E70D4F8B014884710BD10B5D3
:1046A00004462046D4F83412884704F51E70D4F826
:1046B000AC1488472046D4F83C12884704F51E7095
:1046C000D4F8B414884710BD70B5044694F8551555
:1046D0002046D4F888259047054605B970BD94F862
:1046E000F00494F85015884204D001212846D5F8EA
:1046F0003022904704F5806090ED560A85ED610AFE
:10470000002201212846D5F82C32984794F85C0500
:1047100020B12846D5F83812884703E02846D5F856
:104720003C12884700BFD9E710B5044694F8F0045E
:1047300094F8501588420AD004212046D4F830223B
:104740009047042104F51E70D4F8A82490479FEDEB
:10475000120A2046D4F8441288479FED0F0A04F548
:104760001E70D4F8BC148847002203212046D4F8D8
:104770002C3298470022032104F51E70D4F8A4348B
:1047800098472046D4F83812884704F51E70D4F8AC
:10479000B014884710BD00000000000010B52DEDDA
:1047A000028B044694F8F00494F8501588420AD01D
:1047B00007212046D4F830229047072104F51E70C7
:1047C000D4F8A824904794F82805D0B99FED250A7D
:1047D0002046D4F8441288479FED220A04F51E7043
:1047E000D4F8BC148847002203212046D4F82C3288
:1047F00098470022032104F51E70D4F8A43498478A
:1048000023E09FED180AB0EE408A9FED160AF0EE05
:10481000408A84ED6C8A94ED760A84ED6D0A04F585
:104820001E70C0ED6C8A90ED760A80ED6D0A002254
:1048300007212046D4F82C3298470022072104F59E
:104840001E70D4F8A434984700BF2046D4F838121C
:10485000884704F51E70D4F8B0148847BDEC028B6D
:1048600010BD00000000000070B52DED028B044665
:1048700094F8F00494F85015884215D0062120468B
:10488000D4F830229047062104F51E70D4F8A824ED
:10489000904703212046D4F830229047032104F5A5
:1048A0001E70D4F8A82490474FF4A260005DD0B9E0
:1048B0009FED370A2046D4F8441288479FED340A0A
:1048C00004F51E70D4F8BC1488470022032120464A
:1048D000D4F82C3298470022032104F51E70D4F836
:1048E000A434984747E004F2F440D0ED050AB0EE56
:1048F000600AB1EE041AF9EE040A00F056FCB0EEBC
:10490000408A04F2F440D0ED060AB0EE600AB1EE3F
:10491000041AF9EE040A00F048FCF0EE408A84ED37
:104920006B8A04F51E70C0ED6B8A207D70B104F5B2
:104930001E7090ED6A0AB0EEC00ADFED160AB4EE02
:10494000E00AF1EE10FA01DB012000E0002006464B
:10495000257D0EB100212175002206212046D4F8C4
:104960002C3298470022062104F51E70D4F8A43496
:104970009847257500BF2046D4F83812884704F5BB
:104980001E70D4F8B0148847BDEC028B70BD0000D7
:1049900000000000000096422DE9F0412DED048B4F
:1049A000044694F88C72B2EE0E0AB0EE409AB3EE62
:1049B000010AF0EE409A04F51E7090ED6A0AB0EE1E
:1049C000C00AF0EE408A9FED4F0A38EEC00AB0EE02
:1049D000C00AB0EE408A94F8F00494F8501588426A
:1049E00001D0012000E00020064626B994F85105C8
:1049F000012800D100E00020804600250FB90125E4
:104A000019E0B8F1000F0BD0B3EE010AB4EEC08A82
:104A1000F1EE10FA01D2012000E0002005460AE084
:104A2000B2EE0E0AB4EEC08AF1EE10FA01D2012005
:104A300000E0002005461EB994F85105A84215D0A3
:104A400004212046D4F83022904703212046D4F890
:104A500030229047042104F51E70D4F8A824904712
:104A6000032104F51E70D4F8A824904784F851550A
:104A7000CDB104F2F44090ED030A84ED670A90EDA5
:104A8000040A04F51E7080ED670A00220421204606
:104A9000D4F82C3298470022042104F51E70D4F873
:104AA000A434984721E004F2F440D0ED030AB0EEBC
:104AB000600A2046D4F84412884704F2F440D0ED4E
:104AC000040AB0EE600A04F51E70D4F8BC148847DE
:104AD000002203212046D4F82C32984700220321DB
:104AE00004F51E70D4F8A43498472046D4F8381240
:104AF000884704F51E70D4F8B0148847BDEC048BC9
:104B0000BDE8F0810000B44210B504460022114611
:104B10002046D4F82C3298470022114604F51E7026
:104B2000D4F8A43498472046D4F83812884704F5BE
:104B30001E70D4F8B014884710BD000010B50446AC
:104B400094F8F00494F8501588420AD005212046C4
:104B5000D4F830229047052104F51E70D4F8A8241B
:104B600090479FED120A2046D4F8401288479FEDE7
:104B70000F0A04F51E70D4F8B814884700220521E6
:104B80002046D4F82C3298470022052104F51E70E7
:104B9000D4F8A43498472046D4F83812884704F54E
:104BA0001E70D4F8B014884710BD0000000000004B
:104BB00010B5044694F8F00494F8501588420AD0D1
:104BC00005212046D4F830229047052104F51E70B7
:104BD000D4F8A82490479FED120A2046D4F840123A
:104BE00088479FED0F0A04F51E70D4F8B814884763
:104BF000002205212046D4F82C32984700220521B6
:104C000004F51E70D4F8A43498472046D4F838121E
:104C1000884704F51E70D4F8B014884710BD000012
:104C20000000000010B504460D2C00D110BD0A2C68
:104C30000DD11848008838B100201749154A12884C
:104C40008854084600F09AF900F028F8EEE7242C82
:104C500001D0232C05D10F48008830B100F03EF878
:104C600003E00C48008800B9E0E70A480088FF2804
:104C700002D300F033F8D9E7064801880088401CC9
:104C8000044A108004484454002003491288885480
:104C900000BFCBE7E4000020E432002000200249FE
:104CA0000880024908707047E4000020E4320020C8
:104CB00008480078084981F82500084690F8240043
:104CC00004490978884204DA02480078024981F8E8
:104CD00024007047E00000209822002010B505480D
:104CE000008820B104488069401C03498861FFF7AF
:104CF000D5FF10BDE400002098220020014609B134
:104D0000087808B9012070470020FCE701463029E7
:104D100004DB392902DCA1F130007047412904DBB2
:104D2000462902DCA1F13700F7E7612904DB662997
:104D300002DCA1F15700F0E74FF0FF30EDE72DE97D
:104D4000F04704460D4616464FF0000A002714B1FE
:104D500020782A2802D00020BDE8F08704F101085D
:104D600005E049EA0A1A781CC7B208F1010898F868
:104D70000000FFF7CBFFB0F10009F2DA0FB9002015
:104D8000EAE70DB1C5F800A006B137700120E3E7EE
:104D900010B52DED028B04460CB1207820B99FEDA3
:104DA0000A0ABDEC028B10BD00212046F6F7D4FCA8
:104DB000B0EE408AF0EE608A51EC180BEBF7DAFCAB
:104DC00000EE100AEDE700000000000070B5044698
:104DD0000E4615460A2E00D30DB9002070BD711E77
:104DE00054F8210000F0D3F9A068FFF787FF18B945
:104DF0002069FFF783FF10B100202870EEE760689C
:104E0000FFF7C6FF85ED010AE2681178A068F2F7A6
:104E1000A7FE85ED020B626911782069F2F7A0FE0A
:104E200085ED040BA06900F073F82877E06900F0C5
:104E30006FF86877206AFFF7ABFF85ED080A606AB4
:104E4000FFF7A6FF85ED060A0120287000BFC5E721
:104E500070B505460E461446032E00D30CB900204B
:104E600070BD711E55F8210000F091F96868FFF7D8
:104E700045FF10B100202070F2E7A86800785428A0
:104E800002D000202070EBE76868FFF781FF84ED17
:104E9000010A0120207000BFE2E72DE9F04105463C
:104EA0000E461446062E00D314B90020BDE8F0814A
:104EB000711E55F8210000F06AF96868FFF768FF75
:104EC00084ED010AA868FFF763FF84ED020AE86831
:104ED000FFF75EFF84ED030A2869FFF759FF84EDB1
:104EE000040A686900F014F8C7B22775072E04D3C6
:104EF000A86900F00DF8607501E000206075042FCE
:104F000002D101202070D1E70020207000BFCDE742
:104F100010B504460CB1207808B9002010BD0A2253
:104F200000212046EBF7CDF9F8E770B505460E46AF
:104F300014460A2E00D30CB9002070BD711E55F81E
:104F4000210000F024F9A8680078412802D0002050
:104F50002070F2E7686AFFF7D1FE10B100202070E0
:104F6000EBE7686AFFF7D4FF6060606810B9002063
:104F70002070E2E70120207000BFDEE770B5054633
:104F80001DB121480078102807D325B11F4880683B
:104F9000401C1E498860002070BD2846EBF781F94F
:104FA00084B20CB1FF2C06D91848C068401C1749C0
:104FB000C8600020F0E71648007800EBC0101549E3
:104FC00001EB4006621C29463046EBF72AF9A6F8A9
:104FD00000410F480078401C00F00F000C49087099
:104FE00009480078401C0849087008484068401C7F
:104FF00006494860084690F82800401C81F82800BF
:10500000FFF756FE0120C7E7E000002098220020AD
:10501000E2000020C422002010B500200C490870D6
:105020004FF400720B490C48ECF7C7FB044634B14F
:105030004FF4007207490848ECF7BFFB044624B15F
:105040000648006A401C05490862204610BD000061
:10505000E600002098200020081E00209822002052
:1050600010B5044604B910BDB4F5007F08DB4FF459
:1050700000740648007800B1F5E701200349087084
:1050800021460348F2F75EFE00BFECE7E600002091
:105090009820002070B5EFF795FE0446114805688A
:1050A00011480068854204D00F4805600F4804602D
:1050B00070BD0E480068201AB0F5FA7F00D2F7E7FD
:1050C0000B48F1F7FDF900200A490870FFF7A4FF2B
:1050D00020B90448C069401C0249C8610348046003
:1050E00000BFE5E798220020E8000020EC00002047
:1050F000081E0020E60000202DE9F04104460E467F
:1051000090461CB116B1B8F1020F02D20020BDE8E2
:10511000F0812078242801D00020F8E72C212046B7
:10512000EBF7B5F807460FB90020F0E7381B85B25A
:105130000DB1454501DB0020E9E72A46214630460E
:10514000EBF76FF8002070550120E0E7F0B503465B
:105150000C461546002219460BB90020F0BD10463A
:10516000561CF2B244F820100BE008782C2807D126
:1051700000200870481C1646571CFAB244F8260056
:10518000491C087808B1AA42EFDB1046E6E770B583
:10519000054605B970BD2A212846EBF778F8044684
:1051A0000CB10020207000BFF4E7F0EE401AF4EEDE
:1051B000C10AF1EE10FA06DDB0EE600AF0EE410A27
:1051C000B0EE401A00BFF4EEC11AF1EE10FA02DDA3
:1051D000B0EE410A7047F4EEE01AF1EE10FA02D296
:1051E000B0EE600AF6E7B0EE610AF3E710B50446E8
:1051F00004B910BD2046D4F83412884704F51E7057
:10520000D4F8AC1488472046D4F83C12884704F5FB
:105210001E70D4F8B4148847022084F8F00484F88F
:10522000F10400BFE5E702460AB90020704709B95A
:105230001046FBE7012902D102F51E70F6E70020B7
:10524000F4E770B504460D4604B105B970BD94F895
:10525000F004288094ED760A85ED010A04F51E70AD
:1052600090ED760A85ED020A94ED7C0A85ED030A3D
:1052700090ED7C0A85ED040A94ED800A85ED050A1F
:1052800090ED800A85ED060A40F20E20005BA883AF
:10529000B4F88604E8834FF40570005D20B194F8FB
:1052A0008C0408B1012000E0002085F8200094F86B
:1052B000540585F821002422294604F22C50EAF7EF
:1052C000B0FF00BFC2E70146072913D007DC07295A
:1052D00019D2DFE801F018140E1011181200092974
:1052E0000ED00A2904D00B290BD055290BD105E08B
:1052F00000BF00BF00BF00BF00BF00BF00BF00BFB6
:1053000000BF012070470020FCE7000010B50446F4
:105310002046FFF7D8FF00B910BD03482146D0F85A
:105320006825904700BFF7E7E834002000B58DB04E
:1053300018220B4907A8EAF774FF18220849183108
:1053400001A8EAF76EFF01AA07A90648FAF78AF949
:1053500000F066F903490448FAF7D8F90DB000BD2A
:10536000D45B0108E8340020783A002010B52DED18
:10537000048B04461CB90020BDEC048B10BD2078C2
:105380000B286FD2DFE800F0A206112233496FA28A
:10539000A2A274004E49097809B1072100E0022158
:1053A0000846FFF7B3FF0120E6E794ED021AF0EE9E
:1053B000410A94ED011AB0EE410A4648D0F8701542
:1053C00088470620FFF7A2FF0120D5E794ED021AD7
:1053D000F0EE410A94ED011AB0EE410A3D48D0F8D2
:1053E0006C1588470320FFF791FF0120C4E7217C5B
:1053F000D4ED031AB0EE611AD4ED021AF0EE610A90
:10540000D4ED011AB0EE610A3248D0F87C259047FD
:105410000920FFF77BFF0120AEE7207B012810D198
:1054200094ED021AF0EE410A94ED011AB0EE410A31
:105430002848D0F8781588470121264880F81015AB
:105440000BE02448DFED240A9FED230AD0F87815FD
:10545000884700211F4880F810150420FFF756FFE9
:10546000012089E732E00120FFF750FF012083E7A8
:10547000D4ED020AB0EE600A2079FAF7E9FAB0EE4C
:10548000408AD4ED040AB0EE600A207BFDF7CCFA26
:10549000F0EE408A0F4890ED760A30EE080AB0EE42
:1054A000409A00F51E7090ED760A30EE280AF0EE74
:1054B000409A0848F0EE690AB0EE490AD0F86C1537
:1054C00088470320FFF722FF012055E7002053E71C
:1054D00030010020E83400200000000010B52DED60
:1054E000048B044604F51E7090ED760AF0EE408AB7
:1054F000DFED120A68EEA00AB0EE600AF5F70CF8CC
:10550000B0EE408AB0EEC80ADFED0D0AB4EEE00A54
:10551000F1EE10FA04DDF7EE000A80EE880A01E0F1
:10552000B7EE000AB0EE409AB0EE490A2046D4F831
:1055300068128847BDEC048B10BD000035FA8E3C24
:10554000BD37863570B504460D4604B105B970BD4A
:105550003822294604F2F440EAF763FE287884F8FA
:10556000F10400BFF3E700B9704780F8551500F566
:10557000806383ED560A80F85C2500BFF4E700B92C
:10558000704700F2F44282ED0B0AC2ED0A0A82ED86
:105590000C1A80F8281500BFF2E710B52DED048B2A
:1055A0000446F0EE409AF0EE608A14B9BDEC048B2C
:1055B00010BDB1EE041AF9EE040AB0EE690AFFF765
:1055C000F4FDB0EE409AB1EE041AF9EE040AB0EE22
:1055D000680AFFF7EAFDB0EE408A04F2F44080ED7D
:1055E000059A80ED068A00BFE0E700B9704780F8B1
:1055F000F11400BFFAE700B9704700F2F44181ED01
:10560000010AC1ED020A00BFF6E700B9704700F2D7
:10561000F44181ED030AC1ED040A00BFF6E7000082
:1056200010B50549054800F00DF8054903483C3020
:1056300000F008F810BD0000E8340020CC3A00204B
:105640006037002070B504460E4604B106B970BD3F
:1056500000250BE0002229463046F9F767FD201DA2
:1056600000EB850080ED000A681CC5B20E2DF1DB51
:1056700000206070207000BFE9E710B5044604B94F
:1056800010BD2046D4F82412884704F51E70D4F8C3
:105690009C1488472046D4F82812884704F51E70C9
:1056A000D4F8A01488472046FFF718FF94F8F104B7
:1056B00084F8F00494F8F004072819D007DC0728D0
:1056C00036D2DFE800F03525111929351D000928EB
:1056D00026D00A2804D00B2826D0552828D113E03C
:1056E0002046FFF711FA27E02046FEF7D8FF23E017
:1056F0002046FFF719F81FE02046FEF791FF1BE058
:105700002046FFF749F917E02046FFF751FA13E06A
:105710002046FFF713FA0FE02046FFF7A5F80BE04D
:105720002046FFF73BF807E02046FEF7CDFF03E0F9
:105730002046FEF7B4FF00BF00BF2046D4F8641235
:10574000884704F51E70D4F8DC148847204600F022
:1057500007F894F8F00484F8500500BF90E70000C3
:105760002A490988491C294A118000F51E7191EDCA
:105770007E0A2749D1ED000A30EE200A81ED000AA9
:1057800090ED7E0A2349D1ED000A30EE200A81ED2A
:10579000000A11460988B1F57A7F36D31C4991ED8C
:1057A000001ADFED1D1A21EE211AB0EE410A194947
:1057B00091ED001ADFED181A21EE211AF0EE410AE0
:1057C000B0EEC01ADFED151AB4EEE11AF1EE10FAE0
:1057D0000AD2B0EEE01ADFED111AB4EEE11AF1EEE2
:1057E00010FA01D2012100E0002180F854150021B7
:1057F000064A11809FED0A1A054981ED001A9FEDB6
:10580000081A044981ED001A00BF704738010020D2
:105810003C010020400100206F12833ACDCCCC3DEA
:105820000000000000B52DED048B83B041EC190B96
:10583000EBF76CF941EC180B18EE100A18EE901A01
:105840008DED008B002818BF0120084320F0004098
:10585000C0F17F6000F1E040C00F14D019EE101AC3
:1058600019EE900A8DED009B002918BF0121084315
:1058700020F00040C0F17F6000F1E040C00F04BFA5
:105880000120F6F78FFC51EC180B03B0BDEC048B34
:1058900000BD70B505462C682046D4F83412884700
:1058A00004F51E70D4F8AC1488472046D4F83C1296
:1058B000884704F51E70D4F8B414884770BD000002
:1058C00070B5054615B99FED270A70BD2C1DE0780F
:1058D00088B3012819D0022802D003283ED11EE047
:1058E000D4ED020A9FED201A20EE811AD5ED090AA7
:1058F000F8EE600A61EE200AB0EE600AF5F724FEC9
:10590000D4ED010A20EE200ADFE7686AE1688842E8
:1059100002D29FED140AD8E794ED010AD5E7A169F8
:1059200011B994ED050AD0E7696AE268914203D2A1
:1059300094ED040AC9E712E0696AE268891AA2696B
:10594000B1FBF2F302FB1310A169B0EB510F02D2CD
:1059500094ED050AB9E794ED040AB6E700BF94EDAB
:10596000010AB2E70000000075C8CD3B014609B945
:10597000002001E091F8280008B1012070470020C4
:10598000FCE770B504460E4614B10EB1206800B9AC
:1059900070BD20223146201DEAF743FC00206062E2
:1059A00084F82900012084F8280031782068D0F894
:1059B0008825904705461DB12846D5F834128847FA
:1059C00000BFE5E710B504460CB1206800B910BD72
:1059D000002084F8280084F829002046FFF759FFAA
:1059E00000BFF4E72DE9F0412DED028B054625B10E
:1059F000286810B195F8280020B90020BDEC028B72
:105A0000BDE8F08129792868D0F8882590470446B8
:105A10001CB9002085F82800F0E7686A401C68621D
:105A2000696A95ED080ADFED610A20EE200ABCEEF6
:105A3000C00A10EE100A814208D92846FFF729FF54
:105A4000002085F8280085F82900D7E72846FFF7C9
:105A500037FFB0EE408AA879012800D100E000208D
:105A600006462879012800D100E00220074668791F
:105A7000082870D2DFE800F08E041E31485B707E8B
:105A800056B184ED618A002201212046D4F82C32DF
:105A9000984785F8297008E084ED608A9FED440AF4
:105AA00084ED610A032085F829002046D4F83812D5
:105AB000884778E046B184ED638A002202212046BF
:105AC000D4F82C32984701E084ED618A85F829707A
:105AD0002046D4F83812884765E066B1B0EE480A2F
:105AE0002046D4F844128847002203212046D4F8E7
:105AF0002C32984701E084ED618A85F829702046B0
:105B0000D4F8381288474EE046B184ED678A002207
:105B100004212046D4F82C32984701E084ED618AB4
:105B200085F829702046D4F8381288473BE08EB1BA
:105B3000B0EE480A2046D4F84012884700220521DA
:105B40002046D4F82C32984785F829702046D4F89E
:105B50003812884727E01DE05EB10022062120466A
:105B6000D4F82C32984785F829702046D4F838129A
:105B7000884718E06EB184ED6C8A00220721204628
:105B8000D4F82C32984785F829702046D4F838127A
:105B9000884708E02846FFF77CFE002085F82800AB
:105BA00085F829002AE700BF012027E700007A4492
:105BB000000000000006101600061016000000008D
:105BC00000000000010203040607080900000000AD
:105BD0000102030425FA000831FA00080000000061
:105BE0003DFA00080000000000000000352901080F
:105BF0009129010800000000000000009D29010813
:105C0000A12901089A99993E0000003F0000003F39
:105C10003333333F0000803F0000803F0000803F6F
:105C20000000803F9A99993F3333B33FCDCCCC3FAE
:105C3000CDCCCC3F9A99993E0000003F3333333F9F
:105C40003333333F0000803F0000803F00000000FE
:105C50004FBB610567ACDD3F182D4454FB21E93F84
:105C60009BF681D20B73EF3F182D4454FB21F93F73
:105C7000E2652F227F2B7A3C075C143326A6813CF9
:105C8000BDCBF07A8807703C075C143326A6913CA4
:105C9000C4EB98999999C9BF711623FEC671BCBF10
:105CA0006D9A74AFF2B0B3BF9AFDDE522DDEADBF78
:105CB0002F6C6A2C44B4A2BF0D5555555555D53F90
:105CC000FF8300922449C23F6E204CC5CD45B73FAB
:105CD000513DD0A0660DB13FEB0D76244B7BA93F23
:105CE00011DA22E33AAD903F000000000000F03FDF
:105CF000000000000000F83F00000000000000006D
:105D00000000004003B8E23F000000000000000077
:105D100006D0CF43EBFD4C3E033333333333E33F05
:105D2000FFAB6FDBB66DDB3F4D268F515555D53F31
:105D300001411DA96074D13F65DBC9934A86CD3FFF
:105D4000EF4E454A287ECA3F3E5555555555C53FED
:105D500093BDBE166CC166BF2CDE25AF6A56113FDF
:105D6000F16BD2C541BDBBBED0A4BE726937663EE1
:105D70004C5555555555A53F7751C1166CC156BF69
:105D80009015CB19A001FA3EAD529C804F7E92BE79
:105D9000C4B1B4BD9EEE213ED43888BEE9FAA8BD98
:105DA000000000000000000000004054FB21F93F0B
:105DB0003163621A61B4D03D0000601A61B4D03D15
:105DC0007370032E8A19A33B0000002E8A19A33B8F
:105DD000C14920259A837B390000000000000000A3
:105DE0006E83F9A22915444ED15727FCC0DD34F546
:105DF000999562DB4190433CAB6351FE61C5BBDECC
:105E00003A6E24B7E0D24D42EA2E49061C92D109DF
:105E10001CEB1DFE3EA729B1F53582E88444BB2E5C
:105E200026709CE9417E5FB439D69139F4395383A9
:105E30008B5F849C3B28F9BDFF97F81F0F9805DE08
:105E40008B112FEF1F6D0A5ACF7E366DB709CB2706
:105E5000663F464F2DEA5F9EC7BA27757BF1E5EB9B
:105E6000F739073DEA92528AB15FFB6B085D8D1FDF
:105E7000000000006E83F9A22915444ED15727FC7B
:105E8000C0DD34F5999562DB4190433CAB6351FE34
:105E9000A6F810111111813FD561C119A0012ABFC7
:105EA0007DFEB157E31DC73EEB9C2B8AE6E55ABE4B
:105EB0007CD5CF5A3AD9E53D004040404040404073
:105EC00040404141414141404040404040404040CD
:105ED0004040404040404040400502020202020271
:105EE00002020202020202020220202020202020C0
:105EF00020202002020202020202909090909090D4
:105F00001010101010101010101010101010101091
:105F10001010101002020202020288888888888805
:105F200008080808080808080808080808080808F1
:105F3000080808080202020240000000B95E0108D9
:105F4000605F010800000020C41700000410000872
:105F5000246E0108C4170020AC3A000094C1000868
:105F600001381395191408491D1408AF1A1B08D1DC
:105F70000C130D1E1B08B3081AAD101A790C1AFD6C
:105F8000081A9D208150110C7A8B152CFA5940EB80
:105F9000CB74DDCBD23E404B408F08016F321042B4
:105FA00001E324F4391511223F1A80043420410200
:105FB0004388132B80BF140356A00F497701420278
:105FC0005FB410478DC2E43A3AC4643BC092AB3B25
:105FD00064C3E43B98F90E3CC0922B3CD029483C6A
:105FE000DFC0643CF7AB803C7FF78E3C07439D3CB1
:105FF0008F8EAB3C16DAB93C9E25C83C2671D63C48
:10600000AEBCE43C1C06F33CD2A810D83D8ACD07B8
:106010003D41F20E3D0518163DBC3C1D3D7461240A
:106020003D2B862B3DD6A9323D8ECE393D39F240EF
:106030003DF016483D9B3A4F3D465E563DF1815D31
:106040003D9CA5643D3BC86B3DD9EA723D840E7A08
:106050003D9198803D5A29843DAABA873D734B8B68
:106060003D3CDC8E3D056D923DCEFD953D978E9974
:106070003DDA1E9D3D1DAFA03D603FA43DA2CFA7D0
:106080003D5F5FAB3D1CEFAE3DD87EB23D0F0EB61F
:106090003DCB9DB93D022DBD3DB2BBC03DE84AC4DC
:1060A0003D99D9C73D4968CB3D8CF8CE3D9083D210
:1060B0003DD313D63DD89ED93D1B2FDD3D1FBAE001
:1060C0003D624AE43D67D5E73DAA65EB3DAEF0EEA3
:1060D0003DB37BF23DF60BF63DFB96F93DFF21FD0E
:1060E0003D825600FF003E041C023E26E4033EA80B
:1060F000A9053E2A6F073EAD34093E2FFA0A3E122B
:10610000BD0C3E95820E3E1748103E990D123E1C66
:10611000D3133EFF95153E815B173E0421193EE7E0
:10612000E31A3E69A91C3E4C6C1E3E302F203EB245
:10613000F4213E95B7233E787A253EFB3F273EDE8D
:1061400002293EC1C52A3EA4882C3E884B2E3E6BB8
:106150000E303E4ED1313E3194333E7654353E5969
:1061600017373E3CDA383E1F9D3A3E645D3C3E4761
:10617000203E3E8BE03F3E6EA3413EB263433EF67F
:1061800023453E3BE4463E1EA7483E62674A3EA684
:10619000274C3EEAE74D3E2FA84F3E7368513E180C
:1061A00026533E5CE6543EA0A6563E4564583E89C2
:1061B000245A3ECDE45B3E73A25D3E18605F3E5CB8
:1061C00020613E01DE623EA69B643E4B59663EF076
:1061D00016683E95D4693E3A926B3EDF4F6D3E8421
:1061E0000D6F3E8A10D1C8703E2F86723E354174C5
:1061F0003EDAFE753EE0B9773E8577793E8B327B9D
:106200003E91ED7C3E97A87E3ECF31803E520F817D
:106210003ED5EC813E58CA823E8BA6833E0E8484D6
:106220003E4260853EC53D863EF819873E7BF78736
:106230003EAED3883EE2AF893E158C8A3E49688BDC
:106240003E7C448C3EB0208D3E94FB8D3EC7D78E65
:106250003EFAB38F3EDE8E903E126B913EF6459233
:106260003EDA20933EBDFB933EA1D6943E85B19588
:106270003E698C963E4D67973EE140983EC51B991E
:106280003EA9F6993E3ED09A3ED2A99B3EB6849C4A
:106290003E4A5E9D3EDF379E3E73119F3EB8E99FAA
:1062A0003E4CC3A03EE09CA13E2575A23EBA4EA343
:1062B0003EFE26A43E931842A53ED8D8A53E1CB16A
:1062C000A63E6189A73EA661A83E9B38A93EE01084
:1062D000AA3E25E9AA3E1AC0AB3E5F98AC3E546F79
:1062E000AD3E4A46AE3E3F1DAF3E34F4AF3E29CBF5
:1062F000B03E1FA2B13EC477B24C18B2B33E5F2489
:10630000B43E05FAB43EFAD0B53EA0A6B63E467CF1
:10631000B73EEC51B83E4226B93EE7FBB93E8DD1BF
:10632000BA3EE3A5BB3E3A7ABC3EDF4FBD3E3524C4
:10633000BE3E8CF8BE3EE2CCBF3EE89FC03E3F74FE
:10634000C13E9548C23E9B1BC33EA2EEC33EF8C26F
:10635000C43EFF95C53E0569C63EBD3AC73EC30D66
:10636000C83ECAE0C83E81B2C93E8885CA3E3F5792
:10637000CB3EF628CC3EADFACC3E64CCCD3E1B9E47
:10638000CE3E836ECF3E3A40D03EA110D13E09E1D1
:10639000D13E70B1D23ED881D33E3F52D43EA722E7
:1063A000D53E0EF3D53E27C2D63E8E92D7E818AE24
:1063B000D83EBE30D93ED6FFD93EEECEDA3E069E5E
:1063C000DB3ECF6BDC3EE73ADD3EAF08DE3E77D604
:1063D000DE3E40A4DF3E0872E03ED13FE13E990D33
:1063E000E23E12DAE23EDBA7E33E5474E43ECC40E8
:1063F000E53E450DE63EBED9E63EE8A4E73E6171C6
:10640000E83E8A3CE93E0309EA3E2CD4EA3E569F28
:10641000EB3E7F6AEC3EA835ED3E82FFED3EACCA16
:10642000EE3E8594EF3E5F5EF03E3928F13E13F27A
:10643000F13EEDBBF23E7784F33E514EF43EDB1667
:10644000F53E65DFF53EF0A7F63E7A70F73E04397B
:10645000F83E8E01F93EC9C8F93E0490FAF03017B3
:10646000FB3E791EFC3EB4E5FC3EEFACFD3EDA722D
:10647000FE3E153AFF3E143FF662143FEBC510ABEB
:106480003FE128013F2F8B013F24EE013F72500274
:106490003FC0B2023F0E15033F5C77033FA9D9030B
:1064A0003F4F3B043F9D9D043F43FF043FE9600590
:1064B0003F8FC2053F3524063F3485063FDAE606A6
:1064C0003FD847073FD6A8073FD509083FD36A08FA
:1064D0003F29CB083F282C093F7E8C093FD5EC098A
:1064E0003F2B4D0A3F82AD0A3F300D0B3F876D0BAE
:1064F0003F36CD0B3FE42C0C3F938C0C3F42EC0C11
:106500003FF14B0D3FF8AA0D3FFF090E3FAD690E5D
:106510003FB4C80E3F13270F3F1A860F3F7AE40F90
:106520003F8143103FE0A1103F3F1852113FF65DFD
:10653000113F56BC113F0D1A123F6C78123F24D602
:10654000123FDB33133FEB90133FA2EE133FB24BEE
:10655000143FC1A8143FD105153FE162153FF0BFBC
:10656000153F581C163F6879163FD0D5163F383274
:10657000173FF88D173F60EA173F204618581872EA
:10658000183F48FE183F6059193F20B5193FE010E9
:106590001A3FF86B1A3F11C71A3F29221B3F417D52
:1065A0001B3FB2D71B3FCA321C3F3B8D1C3FABE7A2
:1065B0001C3F1C421D3FE59B1D3F55F61D3F1E50D5
:1065C0001E3FE7A91E3FB0031F3FD15C1F3F9AB695
:1065D0001F3FBB0F203FDC68203FFDC1203F1E1B3B
:1065E000213F3F74213FB8CC213F3125223FAA7D76
:1065F00022B4187E223FF52D233F6E86233F40DED6
:10660000233F1136243FE38D243F0CE5243FDE3C3D
:10661000253F0894253F31EB253F5B42263FDD981F
:10662000263F07F0263F8846273F0A9D273F8CF3E9
:10663000273F0E4A283FE89F283FC3F5283F9D4B40
:10664000293F77A1293F51F7293F834C2A3FB6A123
:106650002A3FE8F62A3F1B4C2B3F4DA12B3FD8F594
:106660002B3F624A2C3FED9E2C3F77F32C3F024894
:106670002DBC186E2D3FC8EF2D3FAA432E3F8D979E
:106680002E3FC8EA2E3FAB3E2F3FE6912F3F21E53C
:106690002F3FB537303FF08A303F83DD303F163033
:1066A000313FAA82313F3DD5313F2827323FBC7967
:1066B000323FA7CB323FEB1C333FD66E333F1AC07D
:1066C000333F5E11343FA262343FE5B3343F2905C6
:1066D000353FC555353F61A6353FFDF6353F9947F6
:1066E0003664102C363F82E7363F7637373F6A876D
:1066F000373F5ED7373FAB26383FF775383F43C546
:10670000383F9014393F3563393FD9B1393F7E1056
:106710008F3A3F224F3A3FC79D3A3FC4EB3A3FC1C1
:10672000393B3FBE873B3FBBD53B3F10233C3F0D32
:10673000713C3F62BE3C3FB70B3D3F64583D3F124A
:10674000A53D3F67F23D3F6C3E3E3F1A8B3E3FC743
:10675000D73E3FCD233F3FD26F3F3FD8BB3F3F3572
:1067600007403F9352403FF19D403F4FE9403FADCE
:1067700034413F637F413FC1CA413FCF14423F850F
:106780005F423F3BAA423F49F4423F573E433F6688
:1067900088433FCCD1433F331B443F4165443F00D6
:1067A000FF00AE443F66F7443F2540453FE3884540
:1067B0003FA2D1453F611A463F7862463F36AB461D
:1067C0003F4DF3463FBD3A473FD482473F43CA4718
:1067D0003FB211483F2159483FE89F483F58E7489A
:1067E0003F1F2E493FE674493F06BB493F26014AF9
:1067F0003FED474A3F658D4A3F84D34A3FFC184BE3
:106800003F745E4B3FECA34B3F64E94B3F342E4C4F
:106810003FAC734C3FD4B74C3FA4FC4C3F74414D4C
:106820003F9D854D3FC5C94D3F450D4E3F6E514E75
:106830003FEE944E3F6FD84E3FEF1B4F3FC85E4F29
:106840003FA1A14F3F7AE44F3F5227503F2B6A5060
:106850003F5CAC503F8DEE503F1630513F47725178
:106860003FD0B3513F5AF5513FE336523FC47752C0
:106870003F4EB9523F2FFA523F693A533F4A7B533A
:106880003F84BB533FBDFB533FF73B543F897B5491
:106890003F1BBB543FADFA543F3F3A553FD179556A
:1068A00018313FBBB8553FA5F7553FE735563FD1A7
:1068B00074563F14B3563F56F1563F982F573F3307
:1068C0006D573FCEAA573F68E8573F0326583FF61B
:1068D0006258F81845583FDBDC583FCE19593F192C
:1068E00056593F6492593FAFCE593FFA0A5A3F9DDD
:1068F000465A3F41825A3FE4BD5A3FDFF85A3F8330
:10690000345B3F7E6F5B3FD2A95B3FCDE45B3F21B1
:106910001F5C3F75595C3FC993081883CD5C3FC825
:10692000075D3FCC405D3F787A5D3F24B45D3F29F1
:10693000ED5D3F2D265E3F895E5E3FE6965E3FEA57
:10694000CF5E3F9E075F3FFB3F5F3FAF775F3F6498
:10695000AF5F3F19E75F3F261E603FDA55603FE7B4
:106960008C603F4CC3603F59FA603FBE30613F23AB
:1069700067613FE09C613F46D3613F0309623FC0CE
:106980003E623FD673623FEBA8623F01DE623F1674
:1069900013633F2C48633F9A7C633F07B1639400C5
:1069A000FF00633F3B19643F014D643FC780643F74
:1069B000E5B3643F04E7643F221A653F404D653FFD
:1069C0005E80653FD5B2653F4BE5653F1A17663F70
:1069D0009049663F5F7B663F2EAD663F55DE663F62
:1069E0002310673F4A41673FC971673FF0A2673F85
:1069F0006FD3673FEF03683FC633683F4564683F26
:106A00001D94683FF4C3683F23F3683F5322693FF6
:106A10008351693FB280693F3AAF693F6ADE693F9F
:106A20004A0C6A3FD23A6A3FB2686A3F92966A3F1E
:106A300072C46A3FAAF16A3F8A1F6B3FC24C6B3F28
:106A400053796B3FE3A56B3F1CD36B3F04FF6B3F58
:106A5000952B6C3F7E576C3F66836C3F4FAF6C3F0E
:106A600090DA6C3FD1056D3F12316D3FAB5B6D3FEE
:106A7000EC866D3F85B16D3F77DB6D3F10066E3F55
:106A800001306E3FF3596E3F3C836E3F86AC6E3FE4
:106A9000D0D56E3F19FF6E3FBB276F3F05516F3F4B
:106AA00018F7FF786F3FA1A16F3F9BC96F3F95F12A
:106AB0006F3F8F19703FE140703F3468703F868FA1
:106AC000703FD8B6703F83DD703F2E04713FD82AE7
:106AD000713FDB50713FDE76713FE09C713FE3C256
:106AE000713F3EE8713F990D723FF432723FA857F3
:106AF000723F5B7C723F0EA1723F19C5723FCDE9B8
:106B0000723FD80D733F3C31733F4755733FAB78AD
:106B1000733F679B733FCBBE733F87E1733F430473
:106B2000743FFE26743F1349743F276B743F3B8DBF
:106B3000743FA7AE743F14D0743F80F1743FEC12E1
:106B4000753FB133753F7654753F3A75753F57952C
:106B5000753F1CB6753F91D5753FAEF5753F231552
:106B6000763F9834763F0D54763FDA72763FA791A0
:106B7000763F75B0763F42CF763F67ED763F8D0B1F
:106B8000773F0B29773F3047773FAE64773F84816B
:106B9000773F029F773FD8BB101876D8773FDCF459
:106BA000773FB211783FE02D783F6649783F956591
:106BB000783F1B81783FFA9B783F80B7783F5FD260
:106BC000783F3EED783F1C08793F5322793F8A3C5D
:106BD000793FC156793F5070793FDF89793F6EA385
:106BE000793F56BC793FE5D5793FCCEE793F0C072C
:106BF0007A3FF31F7A3F32387A3FCA4F7A3F0A68AA
:106C00007A3FA27F7A3F39977A3F29AE7A3FC1C552
:106C10001400FF00DC7A3FFAF27A3F42097B3F32F0
:106C2000207B3FD2357B3F1B4C7B3FBB617B3F5C76
:106C3000777B3F548C7B3FF5A17B3F46B67B3F3E45
:106C4000CB7B3F37E07B3F88F47B3F31087C3F8242
:106C50001C7C3F2B307C3FD4437C3FD6567C3F7F0F
:106C60006A7C3F807D7C3FDA8F7C3FDBA27C3F35B6
:106C7000B57C3FE7C67C3F40D97C3FF2EA7C3FA42D
:106C8000FC7C3FAE0D7D3F601F7D3F6A307D3FCC79
:106C9000407D3FD7517D3F39627D3FF3717D3F5647
:106CA000827D3F10927D3FCBA17D3FDEB07D3F983E
:106CB000C07D3F03CF7D3F16DE7D3F81EC7D3FEC05
:106CC000FA7D3F57097E3FC2177E3F85257E3F48AC
:106CD000337E3F64407E3F7F4D7E3F9B5A7E3FB672
:106CE000677E3F2A747E3F9D807E3F118D7E3FDD13
:106CF000987E3FA9A47E3F75B07E3F41BC7E3F6534
:106D0000C77E3F89D27E3F05DD7E3F82E77E3FFE24
:106D1000F17E18803F7AFC7E3F4F067F3FCB107F8D
:106D20003FF8197F3FCD237F3FF92C7F3F26367FE9
:106D30003FAB3E7F3FD8477F3FB54F7F3F3A587FBD
:106D40003F18607F3FF5677F3FD26F7F3FAF777F10
:106D50003FE57E7F3F73857F3FA88C7F3F36937FE3
:106D60003FC4997F3F51A07F3F37A67F3F1DAC7F37
:106D70003F03B27F3F41B77F3F7FBC7F3FBEC17FB4
:106D80003F54C67F3FEACA7F3F81CF7F3F17D47F02
:106D90003F06D8504842DB7F3FE3DF7F3F2AE37F57
:106DA0003F71E67F3FB8E97F3F57EC7F3FF6EE7FCC
:106DB0003F95F17F3F34F47F3F2BF67F3F23F87FF1
:106DC0003F72F97F3F6AFB7F3FB9FC7F3F61FD7FE8
:106DD0003FB0FE7F3F58FF04215A800441092E082E
:106DE0000138093E40092A640922B4095EF0093ECF
:106DF000B409328009264C291009121409FD24090E
:106E00002F24091A10E91809125409163809161402
:106E100009FD4009FD400920240138A94C094A58C0
:046E200001FF012746
:040000050800018965
:00000001FF
